date,title,text,url,category
2020-11-24 21:45:18,Акции Ozon после старта торгов на Мосбирже показали рост около 33% к цене IPO. Их стоимость достигала 3023 руб. за американскую депозитарную акцию (ADS). Ранее Ozon установил цену размещения в рамках,"Акции Ozon после старта торгов на Мосбирже показали рост около 33% к цене IPO. Их стоимость достигала 3023 руб. за американскую депозитарную акцию (ADS). Ранее Ozon установил цену размещения в рамках IPO на американской бирже NASDAQ в размере $30 за акцию. Компания разместила 33 млн ADS, еще 4,95 млн ADS получили андеррайтеры IPO в виде опциона. Исходно онлайн-ритейлер, по неофициальной информации, планировал привлечь $500 млн, но ожидания улучшились на фоне высокого спроса.",https://vk.com/wall-23482909_1831048,vk
2020-11-24 22:54:17,"Торги депозитарными акциями Ozon Holdings начались на Московской бирже раньше, чем на других торговых площадках — NASDAQ и Санкт-Петербургской бирже. Переподписка при первичном размещении вызвала рос","Торги депозитарными акциями Ozon Holdings начались на Московской бирже раньше, чем на других торговых площадках — NASDAQ и Санкт-Петербургской бирже. Переподписка при первичном размещении вызвала рост котировок на вторичном рынке на 40%.",https://vk.com/wall-23482909_1831095,vk
2020-11-25 23:13:04,Торги депозитарными акциями Ozon Holdings после одного из самых успешных IPO российских компаний первой начала Московская биржа (MOEX). Они стартовали 24 ноября в 18:30.,Торги депозитарными акциями Ozon Holdings после одного из самых успешных IPO российских компаний первой начала Московская биржа (MOEX). Они стартовали 24 ноября в 18:30.,https://vk.com/wall-23482909_1831776,vk
2020-11-26 03:14:04,Финансовые регуляторы привели сервис «Ozon. Счет» в соответствие с законодательством о противодействии отмыванию денег и финансированию терроризма.,Финансовые регуляторы привели сервис «Ozon. Счет» в соответствие с законодательством о противодействии отмыванию денег и финансированию терроризма.,https://vk.com/wall-23482909_1831843,vk
2020-11-26 16:30:13,"Х5 Retail Group может через два-три года провести IPO своих операторов, занимающихся доставкой продуктов и онлайн-заказами. Этому способствует ажиотажный спрос во время пандемии со стороны потребителе","Х5 Retail Group может через два-три года провести IPO своих операторов, занимающихся доставкой продуктов и онлайн-заказами. Этому способствует ажиотажный спрос во время пандемии со стороны потребителей на такие услуги, а также успешное размещение на бирже акций интернет-ритейлера Ozon. Не исключено, что первым свои акции разместит «Перекресток впрок», оборот продаж которого по итогам будущего года может превысить 100 млрд руб.",https://vk.com/wall-23482909_1832230,vk
2020-12-02 16:30:15,Ozon назвал самые продаваемые за десять лет книги в России. Лидером стала книга «Хочу и буду» психолога Михаила Лабковского. http://amp.gs/aWmG,Ozon назвал самые продаваемые за десять лет книги в России. Лидером стала книга «Хочу и буду» психолога Михаила Лабковского. http://amp.gs/aWmG,https://vk.com/wall-23482909_1835985,vk
2020-12-08 04:43:09,Объем венчурных инвестиций в России в первой половине 2020 года без учета крупной сделки с Ozon сократился по сравнению с таким же периодом 2019 года на 37% (с ее учетом — на 9%). Многие фонды весной,Объем венчурных инвестиций в России в первой половине 2020 года без учета крупной сделки с Ozon сократился по сравнению с таким же периодом 2019 года на 37% (с ее учетом — на 9%). Многие фонды весной приостановили свою деятельность из-за введенных коронавирусных ограничений.,https://vk.com/wall-23482909_1839515,vk
2020-12-10 21:24:12,"Совет управляющих Европейского центрального банка (ЕЦБ) по итогам вчерашнего заседания объявил о дополнительном увеличении действующей программы выкупа активов еще на €500 млрд, до €1,85 трлн. Такое","Совет управляющих Европейского центрального банка (ЕЦБ) по итогам вчерашнего заседания объявил о дополнительном увеличении действующей программы выкупа активов еще на €500 млрд, до €1,85 трлн. Такое решение регулятор объяснил ожиданием нового падения ВВП еврозоны в четвертом квартале этого года из-за вновь введенных коронавирусных ограничений.",https://vk.com/wall-23482909_1841314,vk
2020-12-14 17:00:30,"Власти Башкирии запретили водить хороводы на массовых мероприятиях, сообщила сегодня на оперативном совещании в правительстве республики министр культуры Амина Шафикова. «Особенностью этого года стан","Власти Башкирии запретили водить хороводы на массовых мероприятиях, сообщила сегодня на оперативном совещании в правительстве республики министр культуры Амина Шафикова. «Особенностью этого года станет проведение мероприятий преимущественно на улице, или большое количество онлайн-мероприятий»,— подчеркнула она. — Кроме того, мы запрещаем проведение всех хороводов, как в помещениях, так и уличных, и у установленных в фойе елок могут быть организованы только фотозоны». Во время новогодних каникул в Башкирии пройдет 21 тыс. мероприятий в сфере культуры, из которых только 12 тыс. — оффлайн и 9 тыс. — в режиме онлайн, отметила госпожа Шафикова. В прошлом году таких мероприятий было 27 тыс.",https://vk.com/wall-23482909_1843222,vk
2020-12-22 02:16:13,"Ozon запустил сервис «Ozon Командировки» для организации деловых поездок крупного бизнеса. Этот сегмент, лидируют в котором офлайн-агентства, значительно пострадал от пандемии.","Ozon запустил сервис «Ozon Командировки» для организации деловых поездок крупного бизнеса. Этот сегмент, лидируют в котором офлайн-агентства, значительно пострадал от пандемии.",https://vk.com/wall-23482909_1849052,vk
2021-01-27 02:08:08,Среди поставщиков трастузумаба — одного из наиболее широко закупаемых государством препаратов для лечения рака молочной железы — может появиться новый игрок. Структура «Озон Фармацевтика» вышла на фи,Среди поставщиков трастузумаба — одного из наиболее широко закупаемых государством препаратов для лечения рака молочной железы — может появиться новый игрок. Структура «Озон Фармацевтика» вышла на финальную фазу испытания своего дженерика.,https://vk.com/wall-23482909_1881904,vk
2021-02-03 18:40:13,"Новое правительство Италии поручено сформировать экс-президенту Европейского центрального банка (ЕЦБ) Марио Драги. Экономист, пользующийся репутацией убежденного сторонника евроинтеграции и опытного у","Новое правительство Италии поручено сформировать экс-президенту Европейского центрального банка (ЕЦБ) Марио Драги. Экономист, пользующийся репутацией убежденного сторонника евроинтеграции и опытного управленца, спасшего еврозону от краха, давно рассматривался в качестве возможного кандидата на пост главы правительства. Впрочем, вынесение ему вотума доверия в ходе голосования в парламенте пока не гарантировано.",https://vk.com/wall-23482909_1895804,vk
2021-02-16 22:10:27,"Ozon продолжает развивать экосистему финансовых услуг, учредив собственную микрокредитную компанию (МКК). «Озон Кредит» будет предлагать заемное финансирование юрлицам, работающим на площадке. Ей это","Ozon продолжает развивать экосистему финансовых услуг, учредив собственную микрокредитную компанию (МКК). «Озон Кредит» будет предлагать заемное финансирование юрлицам, работающим на площадке. Ей это позволит удержать партнеров, а им — расширить бизнес. С одной стороны, маркетплейс вполне способен здраво оценить кредитоспособность партнеров, с другой — принятие Ozon кредитных рисков может испугать инвесторов компании, предостерегают эксперты.",https://vk.com/wall-23482909_1912117,vk
2021-02-19 22:45:06,"Как выяснил “Ъ”, ритейлеры «М. Видео» и «Эльдорадо» закрыли проект по продаже товаров через Ozon, запущенный в период самоизоляции россиян в 2020 году.","Как выяснил “Ъ”, ритейлеры «М. Видео» и «Эльдорадо» закрыли проект по продаже товаров через Ozon, запущенный в период самоизоляции россиян в 2020 году.",https://vk.com/wall-23482909_1915653,vk
2021-03-25 02:40:08,"Онлайн-ритейлер Ozon выходит на рынок онлайн-заказа услуг. В рамках новой бизнес-вертикали услуги на площадке смогут предлагать компании, а позднее — самозанятые исполнители.","Онлайн-ритейлер Ozon выходит на рынок онлайн-заказа услуг. В рамках новой бизнес-вертикали услуги на площадке смогут предлагать компании, а позднее — самозанятые исполнители.",https://vk.com/wall-23482909_1941003,vk
2021-04-09 18:00:35,"Председатель президиума крупнейшей в отрасли Ассоциации компаний розничной торговли (АКОРТ) Сергей Беляков 1 мая уйдет со своего поста. Он перешел на работу в Ozon в статусе управляющего директора, гд","Председатель президиума крупнейшей в отрасли Ассоциации компаний розничной торговли (АКОРТ) Сергей Беляков 1 мая уйдет со своего поста. Он перешел на работу в Ozon в статусе управляющего директора, где займется в том числе развитием электронной коммерции. Смена руководства АКОРТ происходит на фоне резкого роста давления государства на участников рынка.",https://vk.com/wall-23482909_1953236,vk
2021-04-12 02:48:07,"На российском офисном рынке намечается самая крупная сделка за всю его историю. Ozon, рассчитывая расширить свой бизнес, планирует найти в Москве новую штаб-квартиру общей площадью 220 тыс. кв. м. Зат","На российском офисном рынке намечается самая крупная сделка за всю его историю. Ozon, рассчитывая расширить свой бизнес, планирует найти в Москве новую штаб-квартиру общей площадью 220 тыс. кв. м. Затраты на строительство такого объекта с нуля могут достигать 35 млрд руб., в то время как аренда — 7,9 млрд руб. в год. Для потенциальных девелоперов наличие моноарендатора может стать фактором риска, предупреждают эксперты. К тому же многие компании при использовании гибридной схемы работы сотрудников с сохранением удаленки вынуждены будут в будущем сократить свои офисные площади.",https://vk.com/wall-23482909_1954364,vk
2021-04-12 12:15:09,"Генеральный директор Ozon Александр Шульгин заявил в интервью Financial Times, что его компания намерена получить банковскую лицензию для предоставления финтех-услуг. «Малому и среднему бизнесу сложн","Генеральный директор Ozon Александр Шульгин заявил в интервью Financial Times, что его компания намерена получить банковскую лицензию для предоставления финтех-услуг. «Малому и среднему бизнесу сложно получить финансирование на приемлемых условиях. Оно либо слишком дорого, либо недоступно,— заявил господин Шульгин.— Мы видим их товарооборот, вовлечение их клиентов, их коэффициент конверсии, мы храним все их товары — вся эта информация позволяет нам принимать обоснованное решение о том, какой объем займа необходим продавцам для ведения бизнеса». В прошлом году Ozon уже запустил сервис Ozon.Invest, который предлагает продавцам B2B-кредитование. А в феврале нынешнего года маркетплейс учредил собственную микрокредитную компанию «Озон Кредит», которая и будет предоставлять займы юрлицам, работающим на площадке. Именно для нее и будет добиваться получения банковской лицензии Ozon, которую выдает ЦБ РФ.",https://vk.com/wall-23482909_1954538,vk
2021-04-13 04:11:37,"Ozon сообщила, что заключила соглашение с Совкомбанком о покупке 100% Оней-банка. Компания ожидает, что сумма сделки не превысит $10 млн, а окончательная сумма будет определена по стоимости активов н","Ozon сообщила, что заключила соглашение с Совкомбанком о покупке 100% Оней-банка. Компания ожидает, что сумма сделки не превысит $10 млн, а окончательная сумма будет определена по стоимости активов на момент закрытия сделки.",https://vk.com/wall-23482909_1955071,vk
2021-04-29 03:12:08,"Основные затраты по строительству 456 МВт новой генерации в Бодайбинском районе Иркутской области могут понести ее целевые потребители, а не, как обычно, все потребители в энергозоне. Главный заказчи","Основные затраты по строительству 456 МВт новой генерации в Бодайбинском районе Иркутской области могут понести ее целевые потребители, а не, как обычно, все потребители в энергозоне. Главный заказчик — ОАО РЖД, расширяющее БАМ и Транссиб, среди других потенциальных потребителей — «Полюс» и Иркутская нефтяная компания.",https://vk.com/wall-23482909_1969324,vk
2021-04-30 15:00:23,"Ozon заключил эксклюзивное партнерство с сетью «Рив Гош» о продаже представленных у нее парфюмерии, косметики и аксессуаров. Это позволит маркетплейсу включить в ассортимент люксовые бренды Dior, Lanc","Ozon заключил эксклюзивное партнерство с сетью «Рив Гош» о продаже представленных у нее парфюмерии, косметики и аксессуаров. Это позволит маркетплейсу включить в ассортимент люксовые бренды Dior, Lancome и пр. и может помочь увеличить оборот на 15 млрд руб. в год. Но эксперты предупреждают, что Ozon будет сложно привлечь целевую аудиторию таких марок. http://amp.gs/6Dz7",https://vk.com/wall-23482909_1970428,vk
2021-05-20 02:11:11,"Бум спроса на доставку еды из ресторанов привлек внимание маркетплейсов. Возможность запуска собственного агрегатора рассматривают в Ozon, планирует аналогичный проект и Wildberries.","Бум спроса на доставку еды из ресторанов привлек внимание маркетплейсов. Возможность запуска собственного агрегатора рассматривают в Ozon, планирует аналогичный проект и Wildberries.",https://vk.com/wall-23482909_1982846,vk
2021-05-20 03:54:31,"Миноритарии интернет-магазина Ozon в ходе SPO продали 5,97 млн депозитарных расписок — это около 3%. Миноритарные акционеры договорились не продавать оставшиеся у них 4% в течение 45 дней.","Миноритарии интернет-магазина Ozon в ходе SPO продали 5,97 млн депозитарных расписок — это около 3%. Миноритарные акционеры договорились не продавать оставшиеся у них 4% в течение 45 дней.",https://vk.com/wall-23482909_1982869,vk
2021-05-27 00:35:27,Компания Ozon завершила сделку по приобретению Оней-банка у Совкомбанка. Ее сумма составила 615 млн руб.,Компания Ozon завершила сделку по приобретению Оней-банка у Совкомбанка. Ее сумма составила 615 млн руб.,https://vk.com/wall-23482909_1988057,vk
2021-05-31 01:57:43,"В борьбе за растущий рынок доставки продуктов его участники готовы привлечь для развития локальных партнеров. Так, Ozon Express разрабатывает программу для франчайзи, а «Яндекс.Лавка» уже тестирует фо","В борьбе за растущий рынок доставки продуктов его участники готовы привлечь для развития локальных партнеров. Так, Ozon Express разрабатывает программу для франчайзи, а «Яндекс.Лавка» уже тестирует формат, планируя запуск проекта в нескольких городах до конца года.",https://vk.com/wall-23482909_1990325,vk
2021-06-03 03:00:07,Ozon решил не развивать портал по бронированию билетов и гостиниц Ozon Travel и интегрирует его в общий маркетплейс. Это позволит за счет доступа к большей аудитории отказаться от наценки на авиабиле,"Ozon решил не развивать портал по бронированию билетов и гостиниц Ozon Travel и интегрирует его в общий маркетплейс. Это позволит за счет доступа к большей аудитории отказаться от наценки на авиабилеты, утверждают в компании.",https://vk.com/wall-23482909_1992622,vk
2021-06-07 10:48:10,"На фоне ограничения суммы льготной ипотеки до 3 млн руб. с 1 июля застройщики Московского региона, где стоимость жилья гораздо выше, ищут новые способы стимулирования продаж. ГК «Кортрос» разместит с","На фоне ограничения суммы льготной ипотеки до 3 млн руб. с 1 июля застройщики Московского региона, где стоимость жилья гораздо выше, ищут новые способы стимулирования продаж. ГК «Кортрос» разместит свои квартиры на витрине Ozon, где можно будет забронировать эксклюзивный лот. Маркетплейс ожидает, что другие застройщики тоже будут пользоваться таким способом продаж. Но эксперты предупреждают, что застройщики могут недобросовестно использовать площадку, предлагая потенциальным покупателям, пришедшим с Ozon, приобрести лот на их сайте или в офисе продаж, тем самым лишая дохода маркетплейс.",https://vk.com/wall-23482909_1994525,vk
2021-07-09 21:19:28,"На Каннском фестивале состоялись премьеры фильмов Франсуа Озона, Андреа Арнольд, Махамата-Салеха Харуна и других известных режиссеров. Впервые в каннский пул попал Алексей Герман-младший. О том, как","На Каннском фестивале состоялись премьеры фильмов Франсуа Озона, Андреа Арнольд, Махамата-Салеха Харуна и других известных режиссеров. Впервые в каннский пул попал Алексей Герман-младший. О том, как формируется этот пул, рассказывает Андрей Плахов.",https://vk.com/wall-23482909_2015295,vk
2021-07-16 01:57:14,Появившийся еще на заре создания российской банковской системы сегмент кэптивных банков в последнее время получает новое развитие. Теперь их начинают развивать в первую очередь участники рынка интерн,"Появившийся еще на заре создания российской банковской системы сегмент кэптивных банков в последнее время получает новое развитие. Теперь их начинают развивать в первую очередь участники рынка интернет-коммерции, например Wildberries, Ozon и Yandex.",https://vk.com/wall-23482909_2019170,vk
2021-07-16 01:57:15,"Для чего онлайн-ритейлеру нужен кэптивный банк, “Ъ” рассказал вице-президент по цифровым финансовым сервисам Ozon Ваэ Овасапян.","Для чего онлайн-ритейлеру нужен кэптивный банк, “Ъ” рассказал вице-президент по цифровым финансовым сервисам Ozon Ваэ Овасапян.",https://vk.com/wall-23482909_2019171,vk
2021-07-19 02:35:07,"Прошлогодний успех Ozon и Fix Price при выходе на биржу подтолкнул других ритейлеров последовать этому пути. Как стало известно “Ъ”, Игорь Кесаев, Сергей Кациев и Сергей Студенников после закрытия сд","Прошлогодний успех Ozon и Fix Price при выходе на биржу подтолкнул других ритейлеров последовать этому пути. Как стало известно “Ъ”, Игорь Кесаев, Сергей Кациев и Сергей Студенников после закрытия сделки по продаже «Дикси» «Магниту» займутся подготовкой к IPO своей сети алкомаркетов «Красное & белое».",https://vk.com/wall-23482909_2020478,vk
2021-08-20 02:31:14,"Крупнейшие интернет-продавцы начинают активнее готовиться к возможной легализации онлайн-продаж алкоголя. Так, Ozon запустил возможность бронирования вин и крепких напитков в магазинах SimpleWine.","Крупнейшие интернет-продавцы начинают активнее готовиться к возможной легализации онлайн-продаж алкоголя. Так, Ozon запустил возможность бронирования вин и крепких напитков в магазинах SimpleWine.",https://vk.com/wall-23482909_2040058,vk
2021-09-02 02:43:16,"Издатели тематической периодики осваивают новый канал продаж — маркетплейсы. Так, спрос на их продукцию на Ozon и Wildberries в первом полугодии с низкой базы вырос на тысячи процентов.","Издатели тематической периодики осваивают новый канал продаж — маркетплейсы. Так, спрос на их продукцию на Ozon и Wildberries в первом полугодии с низкой базы вырос на тысячи процентов.",https://vk.com/wall-23482909_2047664,vk
2021-09-17 20:30:13,Более 40 депутатов Европейского парламента обратились к Еврокомиссии с призывом расследовать роль «Газпрома» в росте цен на газ в Европе. Авторы обращения подозревают российскую компанию в манипулиров,"Более 40 депутатов Европейского парламента обратились к Еврокомиссии с призывом расследовать роль «Газпрома» в росте цен на газ в Европе. Авторы обращения подозревают российскую компанию в манипулировании рынком и нарушении норм ЕС в области конкуренции. «Мы призываем Еврокомиссию срочно начать расследование в отношении вероятного и осознанного манипулирования рынком со стороны ""Газпрома"" и возможного нарушения действующих в ЕС правил конкуренции»,— цитируют Bloomberg и Reuters обращение депутатов. В Европарламенте 705 депутатов. Обращение подали евродепутаты из Польши и государств Балтии, сообщает ТАСС со ссылкой на источник. Bloomberg уточняет, что авторы представляют «различные политические группы». Представитель пресс-службы Еврокомиссии Арианна Подеста подтвердила получение обращения. «Мы получили письмо и со временем ответим. На данный момент я не могу ничего добавить»,— сказал она во время брифинга (цитата по «РИА Новости»). Цена газа в Европе в начале сентября достигала рекордных значений, 15 сентября показатель превысил $950 за 1 тыс. куб. м. Рост цен в энергетическом секторе в наибольшей степени сказался на повышении потребительских цен в еврозоне, свидетельствуют опубликованные сегодня статистические данные за август. Пресс-секретарь президента РФ Дмитрий Песков ранее отрицал причастность России к росту европейских цен на газ.",https://vk.com/wall-23482909_2057490,vk
2021-09-24 03:16:13,"Как стало известно “Ъ”, интернет-ритейлер Ozon планирует запускать онлайн-кинотеатр. Компания обсуждает варианты выхода на рынок онлайн-видео с его участниками и рассматривает как запуск white label","Как стало известно “Ъ”, интернет-ритейлер Ozon планирует запускать онлайн-кинотеатр. Компания обсуждает варианты выхода на рынок онлайн-видео с его участниками и рассматривает как запуск white label по партнерской модели, так и поглощение уже работающей платформы.",https://vk.com/wall-23482909_2061158,vk
2021-09-24 07:16:19,"🌓 Главные новости к утру 24 сентября ▪ Палата представителей Конгресса США приняла проект оборонного бюджета, предусматривающий ужесточение санкций против России. https://www.kommersant.ru/doc/499","🌓 Главные новости к утру 24 сентября ▪ Палата представителей Конгресса США приняла проект оборонного бюджета, предусматривающий ужесточение санкций против России. https://www.kommersant.ru/doc/4998692 ▪ Зампредседателя правления НОВАТЭКа Марка Энтони Джитвэя арестовали в США по обвинению в неуплате налогов на $93 млн. https://www.kommersant.ru/doc/4998632 ▪ Как выяснил “Ъ”, интернет-ритейлер Ozon планирует запустить онлайн-кинотеатр. https://www.kommersant.ru/doc/4998497 ▪ Бывшего главу Каталонии Карлеса Пучдемона задержали на острове Сардиния. Испанские власти обвиняют его в подстрекательстве к мятежу и хищениях. https://www.kommersant.ru/doc/4998668 ▪ Азербайджан подал в Международный суд ООН ответный иск против Армении из-за расовой дискриминации. Армения подала аналогичный иск против Азербайджана 17 сентября. https://www.kommersant.ru/doc/4998684 ▪ На склоне горы Острая на Камчатке нашли обломки вертолета Ка-27, накануне совершившего жесткую посадку. О судьбе экипажа ничего неизвестно. https://www.kommersant.ru/doc/4998651",https://vk.com/wall-23482909_2061211,vk
2021-10-13 01:32:48,Смена потребительских предпочтений повлияла на рейтинг крупнейших ритейлеров в России. По итогам первой половины 2021 года основные сети гипермаркетов Auchan и Metro покинули десятку игроков по объем,"Смена потребительских предпочтений повлияла на рейтинг крупнейших ритейлеров в России. По итогам первой половины 2021 года основные сети гипермаркетов Auchan и Metro покинули десятку игроков по объему выручки, а их места заняли маркетплейс Ozon и жесткий дискаунтер «Светофор».",https://vk.com/wall-23482909_2073109,vk
2021-10-13 02:19:11,Смена потребительских предпочтений повлияла на рейтинг крупнейших ритейлеров в России. По итогам первой половины 2021 года основные сети гипермаркетов Auchan и Metro покинули десятку игроков по объем,"Смена потребительских предпочтений повлияла на рейтинг крупнейших ритейлеров в России. По итогам первой половины 2021 года основные сети гипермаркетов Auchan и Metro покинули десятку игроков по объему выручки, а их места заняли маркетплейс Ozon и жесткий дискаунтер «Светофор».",https://vk.com/wall-23482909_2073126,vk
2021-10-20 09:30:15,Ассортимент собственной торговой марки Ozon Express вырос за счет готовой еды. До конца года на платформе появятся 30 блюд. Готовая еда под брендом Ozon Express пока доступна только в Московском регио,"Ассортимент собственной торговой марки Ozon Express вырос за счет готовой еды. До конца года на платформе появятся 30 блюд. Готовая еда под брендом Ozon Express пока доступна только в Московском регионе, позже она появятся в других городах, где присутствует сервис. Ozon вышел на рынок экспресс-доставки готовой еды в феврале, первым партнером сервиса стала «Азбука вкуса». http://amp.gs/j1C0Y",https://vk.com/wall-23482909_2078125,vk
2021-10-28 02:28:09,"В эксперименте по онлайн-продаже рецептурных лекарств, который может запуститься в трех регионах на базе Ozon, хотят поучаствовать еще ряд крупных игроков. Заявку на участие подал «Вкусвилл», а интер","В эксперименте по онлайн-продаже рецептурных лекарств, который может запуститься в трех регионах на базе Ozon, хотят поучаствовать еще ряд крупных игроков. Заявку на участие подал «Вкусвилл», а интерес проявляют в «Яндекс.Маркете», «AliExpress Россия» и «Магните».",https://vk.com/wall-23482909_2083640,vk
2021-11-03 02:25:14,«Яндекс» начнет развивать в регионах новую экспресс-доставку из dark store «Яндекс.Маркета». В отличие от «Яндекс.Лавки» проект нацелен на массовую аудиторию и работу с большей долей непродовольственн,"«Яндекс» начнет развивать в регионах новую экспресс-доставку из dark store «Яндекс.Маркета». В отличие от «Яндекс.Лавки» проект нацелен на массовую аудиторию и работу с большей долей непродовольственных товаров, что позволит конкурировать с Ozon Express в срочной доставке электроники. Но сервис уже отстает от конкурентов, а в условиях общеотраслевой нехватки курьеров платить персоналу для нового проекта придется больше, что дополнительно осложнит выход на прибыль.",https://vk.com/wall-23482909_2087913,vk
2021-11-08 03:05:08,"На фоне нового витка пандемии, поддерживающей онлайн-продажи, увеличился спрос маркетплейсов на логистическую инфраструктуру уже за пределами Москвы и Подмосковья. Так, Ozon собирается открыть в Ленин","На фоне нового витка пандемии, поддерживающей онлайн-продажи, увеличился спрос маркетплейсов на логистическую инфраструктуру уже за пределами Москвы и Подмосковья. Так, Ozon собирается открыть в Ленинградской области складской комплекс на 135 тыс. кв. м, который для него построит краснодарская PST-Development. Речь идет об одной из крупнейших сделок на региональных рынках за всю их историю, эксперты оценивают проект в 6,7–7 млрд руб. Ритейлер планирует строить в области новые объекты, чтобы расширить ассортимент и скорость доставки.",https://vk.com/wall-23482909_2091294,vk
2021-11-23 01:41:15,"Острая конкуренция на российском рынке онлайн-торговли вынуждает компании ускорять темпы экспансии. Так, Ozon снизил требования для открытия пунктов выдачи заказов для партнеров в том числе за счет ум","Острая конкуренция на российском рынке онлайн-торговли вынуждает компании ускорять темпы экспансии. Так, Ozon снизил требования для открытия пунктов выдачи заказов для партнеров в том числе за счет уменьшения площади до 15 кв. м, что стало минимумом на рынке.",https://vk.com/wall-23482909_2104588,vk
2021-12-02 02:55:22,"Два из трех крупнейших российских маркетплейсов, купивших в последнее время банки, активно их докапитализируют. За последние три месяца капитал Озон-банка удвоился, а Яндекс-банка вырос в 1,6 раза. По","Два из трех крупнейших российских маркетплейсов, купивших в последнее время банки, активно их докапитализируют. За последние три месяца капитал Озон-банка удвоился, а Яндекс-банка вырос в 1,6 раза. По мнению экспертов, это уже позволяет банкам развернуть потребительское кредитование и войти в число 65–75 крупнейших по этому показателю. Однако участники рынка считают, что банки не станут спешить, а начнут развивать бизнес с менее рискованных сегментов, в том числе сервисов рассрочки.",https://vk.com/wall-23482909_2111909,vk
2021-12-14 11:00:31,"🎥 Видеосервис Kion (принадлежит МТС) снимет сериал о жизни курьеров в партнерстве с Ozon, рассказали «Ъ» в этих компаниях. Стороны договорились о том, что Ozon Rocket (логистический сервис Ozon) и O","🎥 Видеосервис Kion (принадлежит МТС) снимет сериал о жизни курьеров в партнерстве с Ozon, рассказали «Ъ» в этих компаниях. Стороны договорились о том, что Ozon Rocket (логистический сервис Ozon) и Ozon Express «выступят партнерами по сбору историй от курьеров, которые станут основой для сценария», пояснили в Ozon. Платформа пока участвует в проекте экспертизой и контактами с курьерами, но не финансово. 🔗 http://amp.gs/jtlDz",https://vk.com/wall-23482909_2119522,vk
2021-12-15 02:39:17,"На днях МТС и Ozon договорились снять сериал о курьерах. На первых порах Ozon не участвует в проекте финансово: компания предоставляет для сценария истории про курьеров, связь с ними и экспертизу в м","На днях МТС и Ozon договорились снять сериал о курьерах. На первых порах Ozon не участвует в проекте финансово: компания предоставляет для сценария истории про курьеров, связь с ними и экспертизу в мире доставки, а когда сценарий будет готов, маркетплейс сможет оплатить product placement, если жанр и тональность его устроят.",https://vk.com/wall-23482909_2120219,vk
2021-12-21 02:51:13,"Онлайн-ритейлеры все активнее осваивают сегмент b2b-продаж. Так, Ozon запустил экспресс-доставку специальных продуктов для кафе и ресторанов. Конкуренты Ozon, включая «Яндекс.Лавку» и «Сбермаркет», уж","Онлайн-ритейлеры все активнее осваивают сегмент b2b-продаж. Так, Ozon запустил экспресс-доставку специальных продуктов для кафе и ресторанов. Конкуренты Ozon, включая «Яндекс.Лавку» и «Сбермаркет», уже работают с HoReCa. Сами рестораторы сомневаются, что сервисам удастся обеспечить нужный крупным игрокам ассортимент и уровень цен, однако они могут быть востребованы у небольших заведений.",https://vk.com/wall-23482909_2123599,vk
2021-12-28 22:15:17,"Рынок онлайн-торговли в России по итогам 2021 года вырастет на 40-43%, заявил гендиректор информационно-консалтингового агентства Infoline Иван Федяков. По его словам, эти темпы сопоставимы с теми, ко","Рынок онлайн-торговли в России по итогам 2021 года вырастет на 40-43%, заявил гендиректор информационно-консалтингового агентства Infoline Иван Федяков. По его словам, эти темпы сопоставимы с теми, которые онлайн-рынок пережил в 2020 году в начале пандемии. «В прошлом году рост был рекордным за последние 10 лет — 44% ... Казалось бы, в 2021 году — уже большая база — этот уровень бы сохранить, но в 2021 году, несмотря на то, что каких-то весомых ограничений работы торговых предприятий не было, мы видим, что темпы роста практически на уровне рекордных показателей 2020 года: 40-43% мы продемонстрируем в 2021 году»,— сказал господин Федяков на онлайн-конференции «Потребительский рынок России: итоги 2021 года и ключевые вызовы 2022» на площадке Retail.ru. Глава агентства отметил, что в онлайн-торговле уровень консолидации значительно выше, чем в физической рознице, хотя рынок гораздо более молодой — на долю десяти крупнейших компаний на рынке e-commerce по итогам девяти месяцев 2021 года пришлось 52,6%. Крупнейшей компанией сектора является Wildberries с долей рынка в 17,6%, на втором месте Ozon (10,3%). За ними следуют «AliExpress Россия», «М.Видео-Эльдорадо», DNS, «Ситилинк», сервисы «Яндекса» («Яндекс.Маркет», «Яндекс.Еда» и «Яндекс.Лавка»), Lamoda, apteka.ru и «Всеинструменты.ру». Их совокупная выручка по итогам девяти месяцев составила 1,5 трлн руб. — на 58% больше, чем за весь прошлый год. Ранее в Mediascope выяснили, что на фоне развития онлайн-торговли маркетплейсы становятся участниками рынка классического поиска: в 2021 году в ряде категорий интернет-магазины опередили поисковики по числу запросов. По сути, маркетплейсы становятся не только местом для покупки, но и новым медиаканалом взаимодействия аудитории с брендами, считают аналитики.",https://vk.com/wall-23482909_2128957,vk
2022-01-20 02:11:10,"Фильм «Все прошло хорошо» посвящен не самой комфортной теме — эвтаназии. Но снял его Франсуа Озон — а это редкий режиссер, умеющий элегантно и легко говорить о мрачных сторонах жизни.","Фильм «Все прошло хорошо» посвящен не самой комфортной теме — эвтаназии. Но снял его Франсуа Озон — а это редкий режиссер, умеющий элегантно и легко говорить о мрачных сторонах жизни.",https://vk.com/wall-23482909_2141193,vk
2022-01-20 02:11:11,"Автор фильма «Все прошло хорошо» Франсуа Озон рассказал Андрею Плахову о взаимоотношениях между правдой и вымыслом в картине, о влиянии локдауна на его новую работу, о почтении к Фассбиндеру и о собст","Автор фильма «Все прошло хорошо» Франсуа Озон рассказал Андрею Плахову о взаимоотношениях между правдой и вымыслом в картине, о влиянии локдауна на его новую работу, о почтении к Фассбиндеру и о собственных взглядах на проблему эвтаназии. .",https://vk.com/wall-23482909_2141194,vk
2022-02-01 02:15:10,"Ozon после проведения IPO планировал заметно увеличить штат сотрудников, для чего компания арендовала дополнительные офисные площади. Но расчет пока не оправдался, и теперь маркетплейс ищет субаренда","Ozon после проведения IPO планировал заметно увеличить штат сотрудников, для чего компания арендовала дополнительные офисные площади. Но расчет пока не оправдался, и теперь маркетплейс ищет субарендаторов почти на 50 тыс. кв. м.",https://vk.com/wall-23482909_2149871,vk
2022-02-10 02:52:21,"Озон-банк за два месяца привлек около 1 млн частных клиентов, и, по мнению экспертов, к концу года их количество увеличится еще в семь раз. Однако значительных остатков на счетах этих физлиц в банке","Озон-банк за два месяца привлек около 1 млн частных клиентов, и, по мнению экспертов, к концу года их количество увеличится еще в семь раз. Однако значительных остатков на счетах этих физлиц в банке в ближайшей перспективе ждать не стоит, полагают участники рынка, поскольку основная задача кредитной организации — обеспечивать продажи маркетплейса.",https://vk.com/wall-23482909_2156212,vk
2022-02-11 15:40:13,"Берлинале открылся фильмом Франсуа Озона «Петер фон Кант», а одним из первых в конкурсе показали «Римини» Ульриха Зайдля. На переклички в творчестве двух видных европейских режиссеров обратил внимание","Берлинале открылся фильмом Франсуа Озона «Петер фон Кант», а одним из первых в конкурсе показали «Римини» Ульриха Зайдля. На переклички в творчестве двух видных европейских режиссеров обратил внимание Андрей Плахов.",https://vk.com/wall-23482909_2157440,vk
2022-02-11 21:34:33,🌘 Новости к вечеру 11 февраля ▪️ На фоне увеличения цен на нефть «Роснефть» отчиталась о рекордных финансовых результатах за 2021 год. http://amp.gs/jZ1b4 ▪️ Из-за перебоев в поставках в США и Европ,"🌘 Новости к вечеру 11 февраля ▪️ На фоне увеличения цен на нефть «Роснефть» отчиталась о рекордных финансовых результатах за 2021 год. http://amp.gs/jZ1b4 ▪️ Из-за перебоев в поставках в США и Европе сокращается ассортимент цветов и растут цены. http://amp.gs/jZ1bR ▪️ Берлинале открылся фильмом Франсуа Озона «Петер фон Кант», а одним из первых в конкурсе показали «Римини» Ульриха Зайдля. http://amp.gs/jZ1bU ▪️ Следователь ФСБ Александр Чабан, которой расследует дело советника главы «Роскосмоса», бывшего специального корреспондента «Ъ» и «Ведомостей» Ивана Сафронова, обвиняемого в госизмене, принял все ходатайства защиты. http://amp.gs/jZ1bd ▪️ Секретарь Совета национальной безопасности и обороны Украины Алексей Данилов заявил, что Украина не намерена военным путем возвращать территории Донецкой и Луганской областей из-за опасения массовой гибели мирного населения. http://amp.gs/jZ1bO",https://vk.com/wall-23482909_2157877,vk
2022-03-31 10:59:57,"📈 Российский рынок акций на открытии торгов демонстрирует рост основных фондовых индексов. Индекс Мосбиржи поднялся на 2,59%, индекс РТС прибавил 2,76%. Об этом свидетельствуют данные торгов на 10:21","📈 Российский рынок акций на открытии торгов демонстрирует рост основных фондовых индексов. Индекс Мосбиржи поднялся на 2,59%, индекс РТС прибавил 2,76%. Об этом свидетельствуют данные торгов на 10:21 мск. Лидеры роста: ▪️ Ozon — 20%, ▪️ X5 Group — 11,8%, ▪️ «Магнит» — 8,6%. Акции МТС упали на 6,9%. Сегодня торги акциями на Мосбирже впервые с февраля продлятся до 18:50. Курс доллара снизился на 1,83%, до 83 руб., евро — до 93 руб. Официальный курс доллара, установленный ЦБ на сегодня, — 84,08, евро — 93,6 руб.",https://vk.com/wall-23482909_2275215,vk
2022-04-06 11:38:07,"Евросоюз сегодня, 6 апреля, обсудит возможность включения в свой санкционный список председателя правления Сбербанка Германа Грефа и главы «Русала» Олега Дерипаски. Это следует из проекта документа, с","Евросоюз сегодня, 6 апреля, обсудит возможность включения в свой санкционный список председателя правления Сбербанка Германа Грефа и главы «Русала» Олега Дерипаски. Это следует из проекта документа, с которым ознакомилась Financial Times (FT). Согласно ему под санкции также могут попасть генеральный директор группы компаний Ozon Александр Шульгин, «один из ближайших деловых партнеров президента Владимира Путина» Борис Ротенберг, и контролирующий крупнейшую золотодобывающую компанию России «Полюс» Саид Керимов. В проекте документа говорится и о дочерях господина Путина, которых необходимо добавить в черный список «за получение выгоды от российского правительства». По данным FT, список не является окончательным и может измениться, прежде чем вступит в силу.",https://vk.com/wall-23482909_2287840,vk
2022-04-07 02:03:13,Массовый уход из России зарубежных брендов грозит дефицитом потребительских товаров. На этом фоне маркетплейс Ozon изучает возможность запуска линейки собственных торговых марок в самых проблемных ка,Массовый уход из России зарубежных брендов грозит дефицитом потребительских товаров. На этом фоне маркетплейс Ozon изучает возможность запуска линейки собственных торговых марок в самых проблемных категориях в надежде заместить выпадающий ассортимент.,https://vk.com/wall-23482909_2290370,vk
2022-04-13 01:52:16,"Ozon купил торговую марку телевизоров Hartens и в 2022 году планирует произвести более 100 тыс. устройств, которые будет эксклюзивно продавать на маркетплейсе.","Ozon купил торговую марку телевизоров Hartens и в 2022 году планирует произвести более 100 тыс. устройств, которые будет эксклюзивно продавать на маркетплейсе.",https://vk.com/wall-23482909_2305096,vk
2022-04-13 07:48:09,"🌔 Главные новости к утру 13 апреля 🔸 Вашингтон намерен в среду, 13 апреля, объявить о дополнительной военной помощи Украине на $750 млн, сообщает Reuters со ссылкой на два знакомых с ситуацией источн","🌔 Главные новости к утру 13 апреля 🔸 Вашингтон намерен в среду, 13 апреля, объявить о дополнительной военной помощи Украине на $750 млн, сообщает Reuters со ссылкой на два знакомых с ситуацией источника. Один из собеседников сообщил, что окончательное решение о составе оборудования пока принимается. http://amp.gs/jpQ1X Ранее в Пентагоне сообщили о возможности США поставить Украине вооружения большей дальности. http://amp.gs/jpQ1L 🔸 В Минздраве заявили, что в России не зафиксировали случаи заражения новым «омикрон»-штамма XE. Это — рекомбинантный вариант «омикрона». Впервые его выявили в январе 2022 года в Великобритании. http://amp.gs/jpQ1W 🔸 Производители мяса птицы столкнулись с трудностями при получении краткосрочных кредитов по ставке 5% на пополнение оборотных средств, говорится в письме Росптицесоюза, адресованном главе Минсельхоза Дмитрию Патрушеву (есть в распоряжении «Ъ»). Для решения проблемы Росптицесоюз предложил Минсельхозу увеличить существующие лимиты льготных кредитов на одного заемщика втрое, до 1,5 млрд руб. Сейчас замещать недостаток средств производители вынуждены за счет коммерческих кредитов по ставкам выше 20%. http://amp.gs/jpQ1a 🔸 Президент Украины Владимир Зеленский предложил обменять задержанного в ходе спецоперации СБУ главу политической партии «Оппозиционная платформа — За жизнь» (ОПЗЖ) Виктора Медведчука на украинских пленных. В Кремле, комментируя информацию о задержании Виктора Медведчука, назвали ее преждевременной. http://amp.gs/jpQ1o Подробнее об обвинениях властей Украины против Виктора Медведчука: http://amp.gs/jpQ1M 🔸 Ozon выкупил торговую марку телевизоров Hartens у OOO «Хартенс», теперь бренд эксклюзивно продается на маркетплейсе, сообщили «Ъ» в компании. Сделка была закрыта еще в октябре 2021 года. Компания рассчитывает в 2022 году произвести более 100 тыс. устройств, которые будет эксклюзивно продавать на маркетплейсе. http://amp.gs/jpQ15 🔸 Президент США Джо Байден заявил, что считает политику президента России Владимира Путина в отношении Украины «геноцидом». Также американский президент убежден, что после ввода российских войск на Украину во всем мире выросли цены на бензин и продовольствие. Он пообещал сделать все возможное, чтобы замедлить рост цен. http://amp.gs/jpQ1Q Подробнее о ситуации на мировом рынке нефти: http://amp.gs/jpQ1c 🔸 Авиакомпания Egypt Air с 15 апреля возобновит рейсы из Каира в Москву. Рейсы будут выполняться ежедневно на Boeing 737-800. Кроме прочего, минфин Египта выступит гарантом по страхованию рейсов авиакомпании EgyptAir в Россию и из нее. http://amp.gs/jpQ16 🔸 Швейцарско-нидерландская нефтетрейдинговая компания Vitol Group решила отказаться от торговли российской нефтью, сообщили Bloomberg представители компании. Холдинг рассчитывает отказаться от приобретения российского сырья до конца текущего года. http://amp.gs/jpQ1b",https://vk.com/wall-23482909_2305340,vk
2022-04-13 14:04:40,"Великобритания внесла в санкционный список 206 физических и юридических лиц из России. Под санкции попали глава ЛУКОЙЛа Вагит Алекперов, председатель совета директоров АФК «Система» Владимир Евтушенко","Великобритания внесла в санкционный список 206 физических и юридических лиц из России. Под санкции попали глава ЛУКОЙЛа Вагит Алекперов, председатель совета директоров АФК «Система» Владимир Евтушенков, а также глава украинской партии «Оппозиционная платформа — За жизнь» (ОПЗЖ) Виктор Медведчук. Активы всех, на кого распространили санкции, заморозят. Кроме того, с ними запрещено проводить сделки, говорится в уведомлении на сайте британского МИДа. В черный список также вошли: глава Ozon Александр Шульгин, гендиректор «Сургутнефтегаза» Владимир Богданов, владелец группы компаний ЕСН Григорий Березкин, владелец холдинга РБК Григорий Березкин, вице-президент «Газпромбанка» Сергей Фурсенко, совладелец АО «Трансмашхолдинг» Андрей Бокарев, основатель компании «Альянс» Зия Бажаев, жена главы МИД Сергея Лаврова, бывший президент ОАО РЖД Владимир Якунин, Саид Керимов (сын бизнесмена Сулеймана Керимова), Павел Езубов (его называют двоюродным братом и давним партнером Олега Дерипаски). Санкции вводятся в ответ на российскую военную операцию на Украине, начавшуюся 24 февраля. На прошлой неделе британские власти включили в черный список Марию Воронцову и Екатерину Тихонову, которых считают дочерьми Владимира Путина, а также дочь Сергея Лаврова Екатерину Винокурову. Посол РФ в Великобритании говорил, что отношения между двумя странами теперь носят технический характер.",https://vk.com/wall-23482909_2306091,vk
2022-04-13 18:20:05,Основной владелец АФК «Система» Владимир Евтушенков передал пакет акций в 10% уставного капитала члену совета директоров и старшему управляющему партнеру корпорации Феликсу Евтушенкову. В результате д,"Основной владелец АФК «Система» Владимир Евтушенков передал пакет акций в 10% уставного капитала члену совета директоров и старшему управляющему партнеру корпорации Феликсу Евтушенкову. В результате доля Феликса Евтушенкова в АФК «Система» достигла 15,2%, а доля Владимира Евтушенкова сократилась до 49,2%, сообщила «Система». Ранее 13 апреля стало известно, что Владимир Евтушенков включен в список лиц, в отношении которых введены санкции Великобритании. В АФК «Система» заявили, что эти ограничительные меры носят персональный характер и не распространяют свое действие на корпорацию и иные компании группы. АФК «Система» продолжит выполнять обязательства перед кредиторами, инвесторами, сотрудниками и партнерами в полном объеме, обладает необходимыми ресурсами, опытом и экспертизой для дальнейшей стабильной работы в сложившихся условиях, добавили там. Одновременно в АФК «Система» отметили, что не могут в дальнейшем исключить существенного неблагоприятного воздействия на деятельность в том числе из-за изменения макроэкономической ситуации и возможного дальнейшего расширения санкций. АФК «Система» основана в 1993 году. Среди ее активов — оператор МТС, интернет-компания Ozon, девелоперская группа «Эталон», лесопромышленный холдинг Segezha Group, агрохолдинг «Степь», сеть клиник «Медси», производитель лекарств «Биннофарм групп» и пр. На 31 декабря 2021 года совокупные активы были 1,8 трлн руб., выручка по итогам прошлого года — 802,4 млрд руб.",https://vk.com/wall-23482909_2306762,vk
2022-04-15 01:49:23,Кризис вынуждает крупные компании искать способы экономии на офисной недвижимости. Онлайн-ритейлер Ozon намерен договориться о снижении арендной ставки в занимаемых бизнес-центрах.,Кризис вынуждает крупные компании искать способы экономии на офисной недвижимости. Онлайн-ритейлер Ozon намерен договориться о снижении арендной ставки в занимаемых бизнес-центрах.,https://vk.com/wall-23482909_2310267,vk
2022-05-11 21:05:56,"Союз европейских футбольных ассоциаций (UEFA) отчитался о рекордных доходах. В сезоне-2020/21, несмотря на ограничения, связанные с пандемией, они превысили €5,7 млрд. Это на миллиард с лишним евро бо","Союз европейских футбольных ассоциаций (UEFA) отчитался о рекордных доходах. В сезоне-2020/21, несмотря на ограничения, связанные с пандемией, они превысили €5,7 млрд. Это на миллиард с лишним евро больше прежнего достижения 2016 года. Однако если оценивать отчет UEFA с корректировкой на накопленную за последние годы инфляцию в еврозоне, то достижение будет выглядеть уже не столь впечатляюще.",https://vk.com/wall-23482909_2363937,vk
2022-05-16 14:18:39,"Еврозона столкнется с рекордной инфляцией в 2022 году. Прогноз по инфляции в Еврозоне в 2022 году повысился до рекордных 6,1% против 3,5%. В 2023 году показатель должен снизиться до 2,7%. Основным у","Еврозона столкнется с рекордной инфляцией в 2022 году. Прогноз по инфляции в Еврозоне в 2022 году повысился до рекордных 6,1% против 3,5%. В 2023 году показатель должен снизиться до 2,7%. Основным ударом по мировой экономике и экономике ЕС эксперты считают рост цен на энергоносители. Они начали дорожать на фоне российской военной операции на Украине из-за сбоя в цепочках поставок. Аналогичные проблемы возникли с продуктами питания и «другими основными товарам и услугами», при этом покупательная способность домохозяйств снижается, отмечается в докладе Еврокомиссии (ЕК). Инфляция в России, как прогнозируют эксперты, в этом году превысит 20%, в том числе из-за повышения цен на импорт. В 2023 году инфляция должна снизиться до 10%.",https://vk.com/wall-23482909_2371257,vk
2022-05-27 07:25:44,"🌔 Главные новости к утру 27 мая 🔸 Россия и Китай заблокировали в Совете Безопасности ООН резолюцию США об ужесточении санкций против КНДР. Постпред РФ при ООН Василий Небензя заявил, что вводить санк","🌔 Главные новости к утру 27 мая 🔸 Россия и Китай заблокировали в Совете Безопасности ООН резолюцию США об ужесточении санкций против КНДР. Постпред РФ при ООН Василий Небензя заявил, что вводить санкции в отношении Северной Кореи бесперспективно. США опасаются, что северокорейские власти продолжат развитие ракетно-ядерной программы. https://www.kommersant.ru/doc/5369470 🔸 США могут передать Украине реактивные системы залпового огня (РСЗО) HIMARS, сообщили источники CNN. По данным Reuters, Вашингтон предупредил Киев, что нанесение ударов по российской территории грозит эскалацией военного конфликта. https://www.kommersant.ru/doc/5369489 🔸 Запад обсуждает идею о снятии санкций с российских бизнесменов в обмен на их помощь в восстановлении Украины, сообщило AP cо ссылкой на источники. Инициатором стала замминистра финансов Канады Христя Фриланд, якобы обсудившая эту идею с несколькими «российскими олигархами». https://www.kommersant.ru/doc/5369491 🔸 Умер клавишник и один из основателей Depeche Mode Энди Флетчер. Музыканту было 60 лет, причины смерти неизвестны. https://www.kommersant.ru/doc/5369372 🔸 Ozon предупредил, что может объявить дефолт по облигациям к 14 июня. Компания пойдет на этот шаг, если не сумеет провести выплаты держателям бондов, воспользовавшимся правом требования их досрочного погашения. https://www.kommersant.ru/doc/5369497 🔸 Британский премьер Борис Джонсон предложил президенту Украины Владимиру Зеленскому создать альянс, направленный против России, сообщает Corriere Della Sera. Альянс должен стать альтернативой Евросоюзу. Помимо Великобритании и Украины в него должны войти Польша, Эстония, Латвия и Литва, а позднее — Турция. Киев пока не ответил на предложение Лондона. https://www.kommersant.ru/doc/5369498 🔸 Руководство «Яндекса» пообещало не переносить штаб-квартиру из России. При этом в компании не исключили, что откроют новые офисы в странах, где будет хорошо развиваться бизнес. СМИ писали, что «Яндекс» может переехать в Израиль. https://www.kommersant.ru/doc/5369469 🔸 Расследование уголовного дела предполагаемых членов группировки хакеров REvil фактически зашло в тупик, узнал «Ъ». Власти США отказались от дальнейшего сотрудничества с Россией, поэтому адвокаты хотят добиться освобождения обвиняемых. https://www.kommersant.ru/doc/5369361 🔸 Требования к рыбопромышленникам по экологической госэкспертизе грозят привести к срыву лососевой путины, узнал «Ъ». Участники рынка говорят, что нормы невозможно исполнить, и опасаются снижения вылова на 40% в этом сезоне. https://www.kommersant.ru/doc/5369332 🔸 Две компании из Китая могут привлечь к производству автомобилей «Москвич», рассказал глава Минпромторга Денис Мантуров. О каких компаниях речь, неизвестно. https://www.kommersant.ru/doc/5369492 🔸 Более четверти россиян с марта прекратили или стали реже пользоваться платными медицинскими услугами, показал опрос сервиса Calltouch. В то же время граждане увеличили траты на посещение врачей узкого профиля и дорогостоящие процедуры. https://www.kommersant.ru/doc/5369335 🔸 Интенсивность DDoS-атак на российскую инфраструктуру в мае увеличилась более чем на 200%, подсчитали в Qrator Labs. Наиболее эффективными были атаки, имитирующие пользовательский трафик (например, с различных веб-сайтов и мессенджеров). https://www.kommersant.ru/doc/5369311 🔸 Иран будет поставлять России автозапчасти и газовые турбины в обмен на продукцию металлургии. О согласовании бартерных сделок с Россией рассказал министр торговли и промышленности Ирана Сейед Реза Фатеми Амин по итогам заседания межправкомиссии двух стран. https://www.kommersant.ru/doc/5369494 🔸 Правительство выделит почти 1 млрд руб. на закупку госсимволов в школы. В рамках федерального проекта о патриотическом воспитании деньги получит 31 регион РФ. https://www.kommersant.ru/doc/5369493 🔸 VK и «Яндекс» выступили против нормы законопроекта о рекомендательных алгоритмах, дающей возможность их отключать, выяснил «Ъ». По мнению компаний, отказ от рекомендаций серьезно ухудшит их позиции. https://www.kommersant.ru/doc/5369347 О важнейших событиях 27 мая — в анонсах «Ъ»: https://www.kommersant.ru/doc/5369373",https://vk.com/wall-23482909_2389658,vk
2022-05-31 16:25:07,"Самой продаваемой книгой на Ozon в марте и апреле стала работа Виктора Франкла «Сказать жизни ""ДА!"": психолог в концлагере». Также в первую тройку вошли такие работы как «Самый богатый человек в Ва","Самой продаваемой книгой на Ozon в марте и апреле стала работа Виктора Франкла «Сказать жизни ""ДА!"": психолог в концлагере». Также в первую тройку вошли такие работы как «Самый богатый человек в Вавилоне» Клейсона Джоржа и «Вся кремлевская рать. Краткая история современной России» Михаила Зыгаря. Закрывает же десятку наиболее продаваемых книг «Атлант расправил плечи» за авторством Айн Рэнд.",https://vk.com/wall-23482909_2394957,vk
2022-05-31 18:22:59,"За последние два месяца на книжном рынке произошли изменения в спросе: продажи книг о бизнесе, инвестициях и саморазвитии упали, а спрос на художественную литературу вырос. Участники рынка считают, чт","За последние два месяца на книжном рынке произошли изменения в спросе: продажи книг о бизнесе, инвестициях и саморазвитии упали, а спрос на художественную литературу вырос. Участники рынка считают, что бизнес-литература стала менее популярной из-за экономической ситуации. А подъем интереса к художественной литературе назвали «попыткой отключиться от реальности в трудные времена». Судя по всему, в россияне пытаются найти в литературе и рекомендации по выживанию в трудные времена: в «Альпине» резко выросла популярность знаменитой книги Виктора Франкла о психологии пребывания в концлагере. В Ozon она стала лидером продаж в марте—апреле.",https://vk.com/wall-23482909_2395108,vk
2022-06-01 03:06:06,"Кризис всегда показывает, где тонко, а где прочно. Так, оказалось, что за последние месяцы на фоне снижения капитализации российских интернет-компаний, в числе которых «Яндекс» (с февраля по май сниж","Кризис всегда показывает, где тонко, а где прочно. Так, оказалось, что за последние месяцы на фоне снижения капитализации российских интернет-компаний, в числе которых «Яндекс» (с февраля по май снижение составило 50,4%), «Сбер» (минус 49,8%), «Тинькофф» (минус 50,2%) и Ozon (минус 37,1%), скучный традиционный телеком в лице МТС (минус 9,8%) и «Ростелекома» (минус 14,3%) не только показал наименьшую динамику снижения, но и даже привлек интерес инвесторов.",https://vk.com/wall-23482909_2395579,vk
2022-07-01 18:45:03,"Годовая инфляция в зоне евро в июне ускорилась до 8,6%, свидетельствуют предварительные данные Евростата. Это рекордный показатель за всю историю подсчетов. Почти в половине входящих в еврозону стран","Годовая инфляция в зоне евро в июне ускорилась до 8,6%, свидетельствуют предварительные данные Евростата. Это рекордный показатель за всю историю подсчетов. Почти в половине входящих в еврозону стран рост цен достиг двузначных значений. Самый значительный прирост зафиксирован в странах Балтии (в районе 20%). Самые высокие темпы роста цен приходятся на энергоносители, стоимость которых в годовом выражении увеличилась на 41,9%. Продовольствие, алкоголь и табак подорожали на 8,9%.",https://vk.com/wall-23482909_2446589,vk
2022-07-08 01:45:07,Дискуссия о критериях включения разработчиков в реестр отечественного софта вышла на новый уровень. Ассоциация разработчиков программных продуктов (АРПП) «Отечественный софт» просит ужесточить требов,"Дискуссия о критериях включения разработчиков в реестр отечественного софта вышла на новый уровень. Ассоциация разработчиков программных продуктов (АРПП) «Отечественный софт» просит ужесточить требования, чтобы в реестр не попали «непрофильные» структуры, например Ozon, «Авито», HeadHunter и «Вымпелком». #Ъузнал@kommersant",https://vk.com/wall-23482909_2458458,vk
2022-07-12 17:38:43,"Европейский союз одобрил вступление Хорватии в европейскую зону с 1 января 2023 года, сообщается на сайте Еврокомиссии. По словам министра финансов Хорватии Здравко Марича, страна начнет пользоваться","Европейский союз одобрил вступление Хорватии в европейскую зону с 1 января 2023 года, сообщается на сайте Еврокомиссии. По словам министра финансов Хорватии Здравко Марича, страна начнет пользоваться евро наряду с хорватской куной с сентября. «Осмелюсь сказать, что это — исторический день… Мы сможем активизировать определенные положения нашего Закона о евро. Начнем с добровольного, а с 5 сентября и двойного обязательного указания цен. Все это хорошо спланированные вещи»,— сказал вице-премьер страны, министр финансов страны Здравко Марич в эфире национального телевидения (цитата по «РИА Новости»). Вступлению Хорватии в еврозону предшествовало принятие Европейским советом трех правовых актов. Один из этих актов установил курс конвертации для введения евро на уровне 1 евро за 7,53450 хорватской куны. Теперь у Хорватии есть несколько месяцев, чтобы подготовить практические условия для перехода на новую валюту.",https://vk.com/wall-23482909_2466160,vk
2022-07-13 12:04:01,"Сегодня, 13 июля, индекс Мосбиржи опустился ниже 2095 пунктов на 1,77%. Это самое низкое значение индекса с 25 февраля 2022 года. Также просел индекс РТС — до 1135 пунктов (-0,6%). Доллар на бирже то","Сегодня, 13 июля, индекс Мосбиржи опустился ниже 2095 пунктов на 1,77%. Это самое низкое значение индекса с 25 февраля 2022 года. Также просел индекс РТС — до 1135 пунктов (-0,6%). Доллар на бирже торгуется в среднем на уровне в 58,2 руб./$, евро — 58,4 руб./€. Лидеры снижения: - «Полиметалл» -6,5% (319,2 руб.), - OZON -4,56% (1026 руб.), - АФК «Система» -3,99% (13,61 руб.), - ММК -3,7% (28,88 руб.), - ЛУКОЙЛ -3,5% (3 620,5 руб.). Падение фондового индикатора может быть связано с резким обвалом бумаг ряда российских компаний. С сегодняшнего дня на бирже больше не представлены акции Petropavlovsk, после вчерашнего открытия торгов обрушившиеся на рекордные 38%. Фото: сайт Мосбиржи",https://vk.com/wall-23482909_2467720,vk
2022-07-19 18:16:48,"Инфляция в Еврозоне по итогам июня достигла рекордных показателей в годовом выражении. Для сравнения, в мае этот показатель составлял 8,1%. Полученные данные в четыре раза превышают целевой показатель","Инфляция в Еврозоне по итогам июня достигла рекордных показателей в годовом выражении. Для сравнения, в мае этот показатель составлял 8,1%. Полученные данные в четыре раза превышают целевой показатель ЕЦБ. По данным Eurostat, цены на энергоресурсы выросли на 42% по сравнению с июнем прошлого года. Продукты питания, алкоголь и табак подорожали на 3,7%, а промышленные товары и услуги на 4,3% и 3,4% соответственно. Самая низкая инфляция зарегистрирована на Мальте (6,1%), во Франции (6,5%) и в Финляндии (8,1%), а самая высокая — в Эстонии (22%), Литве (20,5%) и Латвии (19,2%).",https://vk.com/wall-23482909_2479625,vk
2022-07-21 16:12:38,"Европейский центральный банк (ЕЦБ) повысил ставку на 50 базисных пунктов — до 0,5%. Повышение с таким шагом произошло впервые с 2011 года. Ставка по депозитам повышена до нулевого уровня, ставка по м","Европейский центральный банк (ЕЦБ) повысил ставку на 50 базисных пунктов — до 0,5%. Повышение с таким шагом произошло впервые с 2011 года. Ставка по депозитам повышена до нулевого уровня, ставка по маржинальным кредитам — до 0,75%. «Совет управляющих ЕЦБ счел целесообразным сделать более масштабный первый шаг в нормализации процентных ставок, чем тот, о котором просигнализировал на предыдущем заседании»,— говорится в сообщении ЕЦБ. Решение основано на оценке инфляционных рисков. Регулятор отметил, что на ближайших заседаниях совета управляющих «будет уместна дальнейшая нормализация процентных ставок». ЕЦБ одобрил новый инструмент трансмиссионной защиты. Механизм позволит регулятору покупать облигации при наличии признаков финансовой фрагментации — необоснованного расхождения в стоимости заимствований в странах еврозоны. Фото: сайт ЕЦБ",https://vk.com/wall-23482909_2483331,vk
2022-07-22 02:20:23,"Европейский центральный банк (ЕЦБ) впервые за последние 11 лет повысил ключевые ставки — и сразу на 0,5 процентного пункта, что вывело ставку по депозитам из отрицательной зоны. Причиной вдвое более р","Европейский центральный банк (ЕЦБ) впервые за последние 11 лет повысил ключевые ставки — и сразу на 0,5 процентного пункта, что вывело ставку по депозитам из отрицательной зоны. Причиной вдвое более резкого, чем ожидалось, ужесточения монетарной политики стал продолжающийся рост инфляции в еврозоне — в июне она повысилась уже до 8,6%.",https://vk.com/wall-23482909_2484498,vk
2022-08-01 03:55:34,"В отличие от экономики США, сократившейся в размерах по итогам второго квартала, ВВП стран зоны евро за этот период увеличился — на 0,7% (считая все государства Евросоюза — на 0,6%). Другой ключевой п","В отличие от экономики США, сократившейся в размерах по итогам второго квартала, ВВП стран зоны евро за этот период увеличился — на 0,7% (считая все государства Евросоюза — на 0,6%). Другой ключевой показатель — инфляция продолжила ускоряться, увеличившись в среднем по странам еврозоны в июле до нового рекорда — до 8,9% в годовом выражении.",https://vk.com/wall-23482909_2499868,vk
2022-08-03 16:43:59,Сегодня загорелся склад ритейлера Ozon в Истринском районе Подмосковья. Площадь пожара составила 50 тыс. кв. м (площадь самого склада — 75 тыс. кв. м). Пожару присвоили третий ранг сложности. Более 1,"Сегодня загорелся склад ритейлера Ozon в Истринском районе Подмосковья. Площадь пожара составила 50 тыс. кв. м (площадь самого склада — 75 тыс. кв. м). Пожару присвоили третий ранг сложности. Более 1 тыс. человек были эвакуированы. Пожар начался из-за несоблюдения техники безопасности. Пожару на складе Ozon под Истрой присвоили третий ранг сложности. Об этом ообщила глава городского округа Истра Татьяна Витушева. Также, со ссылкой на МЧС, она рассказала, что в здании обрушилась крыша. На месте развернут оперативный штаб.",https://vk.com/wall-23482909_2504207,vk
2022-08-03 18:46:02,"Товары с горящего склада Ozon в Истринском районе Подмосковья скрыты на маркетплейсе, покупателям вернут деньги, а продавцы получат компенсацию. Об этом сообщает «РИА Новости» со ссылкой на пресс-служ","Товары с горящего склада Ozon в Истринском районе Подмосковья скрыты на маркетплейсе, покупателям вернут деньги, а продавцы получат компенсацию. Об этом сообщает «РИА Новости» со ссылкой на пресс-службу компании. В компании также сообщили об отмене прямых поставок на загоревшийся склад, которые должны были быть приняты до 17 августа включительно. Фото: кадр из видео",https://vk.com/wall-23482909_2504369,vk
2022-08-03 19:02:48,Комментарий директора по коммуникациям Ozon Марии Заикиной по поводу пожара на складе. По поручению Председателя Следственного комитета Александра Бастрыкина возбуждено уголовное дело по статье об,Комментарий директора по коммуникациям Ozon Марии Заикиной по поводу пожара на складе. По поручению Председателя Следственного комитета Александра Бастрыкина возбуждено уголовное дело по статье об оказании небезопасных услуг.,https://vk.com/wall-23482909_2504404,vk
2022-08-03 19:47:00,"Подтопленный храм в Индии, пожар на складе Ozon в России и другие снимки— в фотогалерее «Ъ».","Подтопленный храм в Индии, пожар на складе Ozon в России и другие снимки— в фотогалерее «Ъ».",https://vk.com/wall-23482909_2504487,vk
2022-08-03 22:03:07,🌒Главные новости к вечеру 3 августа 🔸️Спикер Палаты представителей Конгресса США Нэнси Пелоси покинула Тайвань. Она улетела в Сеул. Остров впервые за 25 лет посетил столь высокопоставленный американс,"🌒Главные новости к вечеру 3 августа 🔸️Спикер Палаты представителей Конгресса США Нэнси Пелоси покинула Тайвань. Она улетела в Сеул. Остров впервые за 25 лет посетил столь высокопоставленный американский чиновник. https://www.kommersant.ru/doc/5492461?vk 🔸️В Подмосковье днем загорелся склад Ozon. Площадь пожара достигла 50 тыс. кв. м. Возбуждено уголовное дело. По данным экстренных служб, пострадали минимум 13 человек. https://www.kommersant.ru/doc/5492860?vk 🔸️Минобороны Азербайджана провело операцию «Возмездие» в Нагорном Карабахе. Власти Нагорно-Карабахской Республики объявили частичную военную мобилизацию. Минобороны России обвинило Азербайджан в нарушении режима прекращения огня. https://www.kommersant.ru/doc/5492826?vk 🔸️Компания «Газпром» заявила, что считает невозможным возврат отремонтированной турбины на станцию «Портовая» из-за санкций Евросоюза, Канады и Великобритании и «несоответствия существующей ситуации действующим контрактным обязательствам со стороны Siemens». https://www.kommersant.ru/doc/5492804?vk 🔸️Мосгорсуд приговорил депутата Госдумы от партии «Справедливая Россия — За правду» Вадима Белоусова к 10 годам колонии по делу о взятке в 3,25 млрд руб. Приговор огласили в отсутствие депутата. Его объявили в розыск. https://www.kommersant.ru/doc/5492832?vk 🔸️Швейцария присоединилась к седьмому пакету санкций против России, который ранее принял Евросоюз. Санкции затронут золото и золотые изделия из РФ, в их рамках будут заморожены активы Сбербанка. https://www.kommersant.ru/doc/5492614?vk 🔸️МИД Финляндии рекомендовал не продавать россиянам дорогие подсанкционные товары. https://www.kommersant.ru/doc/5492616?vk",https://vk.com/wall-23482909_2504718,vk
2022-08-03 22:14:37,"В Истринском районе Подмосковья на горящем складе Ozon обрушилась кровля на площади 22 тыс. кв. м., сообщили в экстренных службах журналистам. Как заявил первый замглавы МЧС РФ Александр Чуприян, до с","В Истринском районе Подмосковья на горящем складе Ozon обрушилась кровля на площади 22 тыс. кв. м., сообщили в экстренных службах журналистам. Как заявил первый замглавы МЧС РФ Александр Чуприян, до сих пор неизвестна судьба двух человек, которые могли быть на складе в момент пожара. Фото: кадр из видео",https://vk.com/wall-23482909_2504743,vk
2022-08-04 02:25:24,"Как стало известно “Ъ”, правительство выделило «Яндексу», VK и Ozon льготный кредит совокупно на 130 млрд руб., средства которого пойдут на выполнение обязательств компаний перед держателями их еврооб","Как стало известно “Ъ”, правительство выделило «Яндексу», VK и Ozon льготный кредит совокупно на 130 млрд руб., средства которого пойдут на выполнение обязательств компаний перед держателями их еврооблигаций. Текущие выплаты инвесторам в обычном режиме никакой господдержки бы не потребовали. #Ъузнал@kommersant",https://vk.com/wall-23482909_2504996,vk
2022-08-04 06:50:00,Сотрудники МЧС ликвидировали открытое горение на складе Ozon в подмосковной Истре. Площадь пожара составила 55 тыс. кв. м. Сообщение о пожаре поступило в ГУ МЧС по Московской области в 12:33 3 августа,Сотрудники МЧС ликвидировали открытое горение на складе Ozon в подмосковной Истре. Площадь пожара составила 55 тыс. кв. м. Сообщение о пожаре поступило в ГУ МЧС по Московской области в 12:33 3 августа.,https://vk.com/wall-23482909_2505110,vk
2022-08-04 07:10:00,"Главные новости к утру 4 августа 🌖 🔸 Правительство выделило «Яндексу», VK и Ozon льготный кредит совокупно на 130 млрд руб., узнал «Ъ». https://www.kommersant.ru/doc/5492817?vk 🔸 Сенат Конгресса США","Главные новости к утру 4 августа 🌖 🔸 Правительство выделило «Яндексу», VK и Ozon льготный кредит совокупно на 130 млрд руб., узнал «Ъ». https://www.kommersant.ru/doc/5492817?vk 🔸 Сенат Конгресса США одобрилприсоединение Финляндии и Швеции к НАТО. https://www.kommersant.ru/doc/5492940?vk 🔸 Amnesty International обвинила Украину в размещении войск в гражданских объектах. https://www.kommersant.ru/doc/5492942?vk 🔸 «Газпром» 3 августа получил от властей Германии решение, подтверждающее возможность прохождения турбиной таможни до конца июля 2023 года, узнал «Ъ». https://www.kommersant.ru/doc/5492859?vk 🔸 МИД РФ заявил об отказе секретариата ООН согласовать визит МАГАТЭ на Запорожскую АЭС. https://www.kommersant.ru/doc/5492938?vk 🔸 Пожар на складе Ozon в Подмосковье потушен. На ликвидацию открытого горения потребовалось больше 17 часов. https://www.kommersant.ru/doc/5492821?vk 🔸 Япония планирует сохранить доли в «Сахалине-2» после перевода проекта в российскую юрисдикцию. https://www.kommersant.ru/doc/5447401?vk 🔸 Президент Украины Владимир Зеленский заявил, что хочет напрямую поговорить с председателем КНР Си Цзиньпином. https://www.kommersant.ru/doc/5492943?vk 🔸 Сиквел «Джокера» Тодда Филлипса выйдет 4 октября 2024 года. https://www.kommersant.ru/doc/5492936?vk",https://vk.com/wall-23482909_2505126,vk
2022-08-04 10:16:41,"Как стало известно “Ъ”, правительство выделило «Яндексу», VK и Ozon льготный кредит, средства которого пойдут на выполнение обязательств компаний перед держателями их еврооблигаций. Аналитики называю","Как стало известно “Ъ”, правительство выделило «Яндексу», VK и Ozon льготный кредит, средства которого пойдут на выполнение обязательств компаний перед держателями их еврооблигаций. Аналитики называют прямую господдержку частных эмитентов облигаций беспрецедентной, но объяснимой мерой, так как «Яндекс», VK и Ozon имеют высокую системную значимость для российской экономики.",https://vk.com/wall-23482909_2505331,vk
2022-08-05 22:54:57,"Сибирский международный марафон, пожар на складе Ozon и другие снимки — в фотогалерее «Ъ».","Сибирский международный марафон, пожар на складе Ozon и другие снимки — в фотогалерее «Ъ».",https://vk.com/wall-23482909_2508538,vk
2022-08-11 15:01:28,"В 2022 году в результате крупных утечек было скомпрометировано свыше 300 млн записей в базах данных, заявили в Роскомнадзоре. Ранее за утечку персональных данных дважды оштрафовали «Яндекс.Еду». Анал","В 2022 году в результате крупных утечек было скомпрометировано свыше 300 млн записей в базах данных, заявили в Роскомнадзоре. Ранее за утечку персональных данных дважды оштрафовали «Яндекс.Еду». Аналогичный штраф был назначен федеральной сети лабораторий «Гемотест». В сеть также попали данные пользователей «Ростелеком», «Ozon», «СДЭК» и «Почты России».",https://vk.com/wall-23482909_2518689,vk
2022-08-19 02:10:19,"Как выяснил “Ъ”, Ozon запускает сервис онлайн-объявлений частных лиц. Он уже заработал в Ростове-на-Дону и должен быть расширен на всю страну. #Ъузнал@kommersant","Как выяснил “Ъ”, Ozon запускает сервис онлайн-объявлений частных лиц. Он уже заработал в Ростове-на-Дону и должен быть расширен на всю страну. #Ъузнал@kommersant",https://vk.com/wall-23482909_2531366,vk
2022-08-23 17:38:42,Ozon впервые вышел на операционную безубыточность. На фоне публикации отчетности акции Ozon на Мосбирже выросли более чем на 10%.,Ozon впервые вышел на операционную безубыточность. На фоне публикации отчетности акции Ozon на Мосбирже выросли более чем на 10%.,https://vk.com/wall-23482909_2539745,vk
2022-08-29 15:14:57,"По оценкам Ozon и Wildberries, на рюкзак, канцтовары, школьную форму и спортивную одежду для ребенка родителям придется потратить от 3 до 10 тысяч рублей. Еще одна статья потенциальных расходов — тех","По оценкам Ozon и Wildberries, на рюкзак, канцтовары, школьную форму и спортивную одежду для ребенка родителям придется потратить от 3 до 10 тысяч рублей. Еще одна статья потенциальных расходов — техника. По данным «М.Видео — Эльдорадо», в августе спрос на ноутбуки, компьютеры и принтеры вырос на 10-30% относительно июля. Средний чек ноутбука в преддверии старта учебного года — порядка 55 тыс. руб., что на 7 тыс. руб. больше, чем годом ранее.",https://vk.com/wall-23482909_2550138,vk
2022-09-12 02:17:06,После пожара на складе в подмосковной Истре Ozon пришлось в срочном порядке искать новый распределительный центр. Спустя месяц после происшествия интернет-холдинг договорился с Новой технологической,"После пожара на складе в подмосковной Истре Ozon пришлось в срочном порядке искать новый распределительный центр. Спустя месяц после происшествия интернет-холдинг договорился с Новой технологической компанией (НТК) об аренде 80 тыс. кв. м в подмосковном Жуковском, которые были построены под ушедшего с российского рынка польского ритейлера LPP. #Ъузнал@kommersant",https://vk.com/wall-23482909_2573394,vk
2022-09-12 08:49:18,"РСПП раскритиковал законопроект об ограничении доли иностранного участия до 20% в российских классифайдах. Инициатива депутата Антона Горелкина, принятая в первом чтении, грозит публичным компаниям по","РСПП раскритиковал законопроект об ограничении доли иностранного участия до 20% в российских классифайдах. Инициатива депутата Антона Горелкина, принятая в первом чтении, грозит публичным компаниям потерей капитализации и ограничением в привлечении иностранных инвестиций, в том числе из ЕАЭС, считают в РСПП. Кроме того, из-за ограничений обращения российских бумаг за рубежом такие компании, как HeadHunter, ЦИАН и Ozon, просто не могут исполнить требования. Эксперты считают, что проблему можно решить через допэмиссию или разделение акций на классы с разными правами. #Ъузнал@kommersant",https://vk.com/wall-23482909_2573544,vk
2022-10-06 02:05:01,"Начавшаяся в феврале военная спецоперация РФ на Украине нарушила давнее партнерство Ozon с литовским производителем оборудования для складских комплексов Equinox Europe. В маркетплейсе утверждают, что","Начавшаяся в феврале военная спецоперация РФ на Украине нарушила давнее партнерство Ozon с литовским производителем оборудования для складских комплексов Equinox Europe. В маркетплейсе утверждают, что контрагент уведомил о форс-мажоре, который не позволяет осуществлять поставки. #Ъузнал@kommersant",https://vk.com/wall-23482909_2630202,vk
2022-10-11 17:54:40,"Международный валютный фонд понизил прогноз роста мировой экономики на 2023 год. По подсчетам организации, спад ожидает около трети мировой экономики. Доклад опубликован на сайте МВФ. Снижение эконом","Международный валютный фонд понизил прогноз роста мировой экономики на 2023 год. По подсчетам организации, спад ожидает около трети мировой экономики. Доклад опубликован на сайте МВФ. Снижение экономической активности фонд связывает с негативными последствиями военного конфликта на Украине, высокими ценами на энергию и продовольствие, а также с инфляцией и повышением ключевых ставок во многих странах. Из доклада организации следует, что экономику США, Китая и Еврозоны ожидает дальнейшее снижение. Фонд прогнозирует наиболее ощутимые последствия от рецессии на 2023 год: вероятность того, что рост ВВП замедлится ниже исторически минимального уровня 2%, составляет примерно один к четырем. По прогнозу ВМФ, глобальная инфляция достигнет пика в 9,5% в 2022 году, а затем замедлится до 4,1% к 2024 году.",https://vk.com/wall-23482909_2642636,vk
2022-10-12 20:23:02,"Это на 7,5% больше показателя, зафиксированного до начала пандемии коронавируса. Такие оценки содержатся в опубликованном 12 октября докладе «Налоговый монитор» Международного валютного фонда (МВФ).","Это на 7,5% больше показателя, зафиксированного до начала пандемии коронавируса. Такие оценки содержатся в опубликованном 12 октября докладе «Налоговый монитор» Международного валютного фонда (МВФ). Рост мирового госдолга возобновился после недавнего снижения за счет восстановления экономики после инфляционных шоков. Прогнозируется, что в 2022 году объем долга США составит 122,1% ВВП, стран еврозоны — 93% ВВП, G20 — 122,9% суммарного ВВП. [club23482909|@kommersant]",https://vk.com/wall-23482909_2645159,vk
2022-10-13 14:52:28,"Из десятки крупнейших рекламодателей в российском интернете и на ТВ выбыли почти все иностранные компании по итогам третьего квартала 2022 года. Среди них — Alibaba и Samsung, занимавшие ранее пятое и","Из десятки крупнейших рекламодателей в российском интернете и на ТВ выбыли почти все иностранные компании по итогам третьего квартала 2022 года. Среди них — Alibaba и Samsung, занимавшие ранее пятое и десятое места соответственно. Их в рейтинге заменили Ozon и «Вкусно — и точка». Исследование проводило медийное агентство Starlink по данным компаний Mediascope и SimilarWeb. Результаты приводит РБК. Крупнейшие рекламодатели на ТВ и в интернете в России в третьем квартале 2022 года: 🔸«Сбер» — 2,37 млрд руб. (-36,3% по сравнению с третьим кварталом 2021 года); 🔸«Интернет решения» (Ozon) — 1,54 млрд руб. (+62,1%); 🔸«Яндекс» — 1,52 млрд руб. (-31,6%); 🔸X5 Group — 1,35 млрд руб. (+89,1%); 🔸«Система ПБО» («Вкусно и точка») — 1,11 млрд руб. (+127,7%, сравнивался с ушедшим McDonald’s); 🔸TCS Group Holding — 1,09 млрд руб. (-0,4%); 🔸VK — 1,05 млрд руб. (-38,7%); 🔸«Кех Екоммерц» («Авито») — 1,05 млрд руб. (-47,8%); 🔸«Тандер» («Магнит») — 1,02 млрд руб. (+108,4%); 🔸ВТБ — 0,79 млрд руб. (-11,4%). [club23482909|@kommersant]",https://vk.com/wall-23482909_2646951,vk
2022-10-14 02:35:00,"Продажи квадрокоптеров с камерой на Ozon и Wildberries в сентябре увеличились в 10–20 раз по сравнению с августом, подсчитали в Moneyplace. Рост спроса затронул в основном малогабаритные дроны с диста","Продажи квадрокоптеров с камерой на Ozon и Wildberries в сентябре увеличились в 10–20 раз по сравнению с августом, подсчитали в Moneyplace. Рост спроса затронул в основном малогабаритные дроны с дистанцией полета до 150 м.",https://vk.com/wall-23482909_2648386,vk
2022-10-27 22:54:23,"Европейский центральный банк (ЕЦБ) по итогам октябрьского заседания вновь повысил ключевые ставки на 0,75 процентного пункта. Размер ставки по кредитам увеличен до 2%, по депозитам — до 1,5%, по маржи","Европейский центральный банк (ЕЦБ) по итогам октябрьского заседания вновь повысил ключевые ставки на 0,75 процентного пункта. Размер ставки по кредитам увеличен до 2%, по депозитам — до 1,5%, по маржинальным кредитам — до 2,25%. Дальнейшие темпы ужесточения денежно-кредитной политики ЕЦБ будут зависеть от данных по инфляции в еврозоне — пока она находится на пике. В США при этом более слабый спрос уже снизил ожидания в отношении максимальной ставки Федеральной резервной системы, начавшей цикл ужесточения политики раньше ЕЦБ.",https://vk.com/wall-23482909_2678331,vk
2022-11-03 01:56:00,"Композитор Евгений Гальперин, вместе с братом Александром писавший музыку для фильмов Андрея Звягинцева, Кантемира Балагова, Франсуа Озона и Люка Бессона, выпустил новый альбом «Theory of Becoming». Б","Композитор Евгений Гальперин, вместе с братом Александром писавший музыку для фильмов Андрея Звягинцева, Кантемира Балагова, Франсуа Озона и Люка Бессона, выпустил новый альбом «Theory of Becoming». Борис Барабанов расспросил Евгения Гальперина о том, как ему работалось соло и что для него значит сотрудничество с легендарным рекорд-лейблом ECM. #Ъузнал@kommersant",https://vk.com/wall-23482909_2691364,vk
2022-11-15 10:58:54,"15 ноября французскому режиссеру Франсуа Озону исполнилось 55 лет. После получения диплома киношколы в Сорбонне, в 1990 году он поступил на постановочный факультет FEMIS (Институт кинематографии). В п","15 ноября французскому режиссеру Франсуа Озону исполнилось 55 лет. После получения диплома киношколы в Сорбонне, в 1990 году он поступил на постановочный факультет FEMIS (Институт кинематографии). В период учебы снимал короткометражные фильмы, многие из которых демонстрировались на международных кинофестивалях. Известность к Франсуа Озону пришла в 1998 году после показа на Каннском кинофестивале его первого полнометражного фильма — полуфантастической комедии о жизни французской семьи «Крысятник». Собрали в фотогалерее жизнь и творческий путь представителя «новой волны» в кинематографе. [club23482909|@kommersant]",https://vk.com/wall-23482909_2714531,vk
2022-11-21 02:11:08,"Из-за осложнившейся ситуации с импортом из Европы и ухода из России части зарубежных брендов крупные ритейлеры и онлайн-платформы ищут новые способы расширить ассортимент. Так, например, Ozon открыва","Из-за осложнившейся ситуации с импортом из Европы и ухода из России части зарубежных брендов крупные ритейлеры и онлайн-платформы ищут новые способы расширить ассортимент. Так, например, Ozon открывает офис в Китае для увеличения на своей площадке количества товаров от местных предпринимателей. #Ъузнал@kommersant",https://vk.com/wall-23482909_2728798,vk
2022-12-13 01:57:01,"В прокат вышел фильм Сержа Бозона «Дон Жуан» — попытка пересказать на новый лад историю неотразимого соблазнителя, получающего заслуженное наказание за свою ветреность. Юлия Шагельман не нашла в ней","В прокат вышел фильм Сержа Бозона «Дон Жуан» — попытка пересказать на новый лад историю неотразимого соблазнителя, получающего заслуженное наказание за свою ветреность. Юлия Шагельман не нашла в ней особых откровений по сравнению с классическими интерпретациями, а музыкальное оформление сочла и вовсе лишним.",https://vk.com/wall-23482909_2771976,vk
2022-12-20 00:20:00,"🔹 В Москве в Екатерининском зале Кремля состоится церемония вручения государственных наград, в которой примет участие президент России Владимир Путин. Высшими государственными наградами отмечена деяте","🔹 В Москве в Екатерининском зале Кремля состоится церемония вручения государственных наград, в которой примет участие президент России Владимир Путин. Высшими государственными наградами отмечена деятельность выдающихся россиян в области образования, науки, медицины и здравоохранения, промышленности, сельского хозяйства, морского транспорта, а также ряда других сфер. Как ожидается, орденами «За заслуги перед Отечеством» наградят врио глав Луганской и Донецкой народных республик Леонида Пасечника и Дениса Пушилина. 🔹 В МИД России пройдет заседание правительственной комиссии по делам соотечественников за рубежом под председательством министра иностранных дел РФ Сергея Лаврова. 🔹 В Москве Басманный суд проведет заседание по иску Минюста России о ликвидации агентства «Сохнут». 🔹 Планируется запустить движение по обеим полосам правой стороны Крымского моста. 🔹 Ozon проведет годовое собрание акционеров. 🔹 В США осужденный за киберпреступления гражданин РФ Юрий Мартышев, как ожидается, будет освобожден из-под стражи, после чего его должны передать иммиграционной службе для дальнейшего рассмотрения дела и, в конечном счете, депортации на родину. 🔹 В Женеве (Швейцария) состоится заседание Органа по разрешению споров ВТО. 🔹 В Китае пройдет визит министра иностранных дел Австралии Пенни Вонг. 🔹 Басманный суд рассмотрит по существу иск к актеру Даниле Козловскому о взыскании более 804 тысяч рублей из-за задолженности по договору купли-продажи квартиры в центре столицы. 🔹 В Москве пройдут похороны бывшего начальника Генерального штаба Вооруженных сил СССР генерала армии Михаила Моисеева, скончавшегося 18 декабря на 84-м году жизни.",https://vk.com/wall-23482909_2784318,vk
2022-12-28 18:00:40,"Российские интернет-магазины и маркетплейсы получили результаты исследования Роскачества, в соответствии с которым не рекомендуется продажа мягконабивных игрушек Хагги Вагги. Об этом сообщается на сай","Российские интернет-магазины и маркетплейсы получили результаты исследования Роскачества, в соответствии с которым не рекомендуется продажа мягконабивных игрушек Хагги Вагги. Об этом сообщается на сайте ведомства. Ранее Роскачество признало игрушки токсичными и зафиксировало превышение фенола в составе 89% образцов. В заявлении Роскачества отмечается, что Ozon, Wildberries, «Яндекс Маркет» и «СберМегаМаркет» удалили карточки товаров с игрушками Хагги Вагги. Из каталогов маркетплейсов также были исключены ссылки с предложениями о покупке товара. Интернет-магазины «Азбука детства» и Elmers-mama вывели игрушки из ассортимента, карточки товаров скрыты на сайте и к продаже более не допускаются, следует из сообщения Роскачества. Однако, как убедился «Ъ», на сайте Ozon, Wildberries, «Яндекс Маркет» и «СберМегаМаркет» игрушки пока доступны к покупке, а их карточки представлены на сайтах маркетплейсов. При этом в онлайн-магазинах «Азбука детства» и Elmers-mama игрушки Хагги Вагги отсутствуют. Фото: страница Цирка Барнео в VK [club23482909|@kommersant]",https://vk.com/wall-23482909_2798334,vk
2023-01-06 21:35:50,"◾️Минобороны России сообщило, что выполнило поручение президента Владимира Путина прекратить огонь по случаю православного Рождества. https://www.kommersant.ru/doc/5758400?vk ◾️Министерство финансов","◾️Минобороны России сообщило, что выполнило поручение президента Владимира Путина прекратить огонь по случаю православного Рождества. https://www.kommersant.ru/doc/5758400?vk ◾️Министерство финансов США опубликовало черный список, в который вошли шесть граждан Ирана — руководителей Qods Aviation Industries. https://www.kommersant.ru/doc/5758450?vk ◾️Международная федерация хоккея опубликовала список участников молодежного чемпионата мира 2024 года в Гетеборге, не включив в него сборные России и Белоруссии. https://www.kommersant.ru/doc/5758417?vk ◾️В рамках нового пакета военной помощи Украине, в который войдут БМП Bradley и ЗРК Patriot, США планируют направить управляемые ракеты RIM-7 Sea Sparrow с радиолокационным наведением. https://www.kommersant.ru/doc/5758414?vk ◾️В декабре 2022 года уровень инфляции в еврозоне снизился до 9,2%, следует из предварительной оценки Евростата. https://www.kommersant.ru/doc/5758402?vk ◾️Бронзовый призер чемпионата мира по футболу в составе сборной Италии и тренер Джанлука Виалли скончался в возрасте 58 лет. https://www.kommersant.ru/doc/5758395?vk #главноеквечеру",https://vk.com/wall-23482909_2814720,vk
2023-01-09 00:25:00,"🔹 В Москве начнется весенняя сессия Государственной Думы. 🔹«СПБ биржа» планирует возобновить торги ценными бумагами «Яндекса», а также Cian, HeadHunter, Ozon и X5 Retail Group. 🔹Таиланд ужесточит пр","🔹 В Москве начнется весенняя сессия Государственной Думы. 🔹«СПБ биржа» планирует возобновить торги ценными бумагами «Яндекса», а также Cian, HeadHunter, Ozon и X5 Retail Group. 🔹Таиланд ужесточит правила въезда для зарубежных туристов. С этого дня пересечение границы возможно только при предъявлении сертификата о вакцинации или справки о перенесенной болезни, а также при сдаче ПЦР-теста по прибытии в страну. 🔹Басманный суд рассмотрит ходатайство следствия о заочном аресте издателя «Медиазоны» (признана СМИ-иноагентом) Петра Верзилова (признан иностранным агентом) по делу о сокрытии второго гражданства. 🔹В Санкт-Петербурге Октябрьский районный суд начнет слушания по административному иску прокурора Адмиралтейского района о признании песни «Ойда» рэпера Oxxxymiron (Мирон Федоров, признан в РФ иноагентом), запрещенной к распространению. 🔹Премьер-министр Японии Фумио Кисида начнет серию визитов в ряд европейских стран, Канаду и США, где проведет встречи с главами государств и обсудит ситуацию в мире.",https://vk.com/wall-23482909_2819812,vk
2023-01-10 04:53:02,"На Ozon, Wildberries и «Авито» появилось в продаже специализированное корпоративное программное обеспечение (ПО). Речь идет как о пиратских версиях софта Autodesk и Adobe, так и о продаже доступа к л","На Ozon, Wildberries и «Авито» появилось в продаже специализированное корпоративное программное обеспечение (ПО). Речь идет как о пиратских версиях софта Autodesk и Adobe, так и о продаже доступа к лицензионным копиям, которые продают корпоративные пользователи. Маркетплейсы подчеркивают, что за легальность софта отвечают продавцы, но в случае претензий со стороны правообладателей объявления могут быть удалены. Эксперты полагают, что сейчас борьба с пиратами в РФ для западных поставщиков не слишком осмысленна, но вскоре они могут найти способ вернуться в страну через сублицензирование. #Ъузнал@kommersant",https://vk.com/wall-23482909_2821793,vk
2023-01-10 15:47:55,"Эксперты Всемирной метеорологической организации и Программы ООН по окружающей среде сообщили о «значительном укреплении» озонового слоя Земли. По их мнению, его восстановление может произойти в течен","Эксперты Всемирной метеорологической организации и Программы ООН по окружающей среде сообщили о «значительном укреплении» озонового слоя Земли. По их мнению, его восстановление может произойти в течение 40 лет.",https://vk.com/wall-23482909_2822828,vk
2023-01-16 00:20:01,🔹С 16 по 20 января в Давосе (Швейцария) пройдет Всемирный экономический форум. 🔹С 16 января по 1 февраля авиаподразделения вооруженных сил Белоруссии и России проведут совместные летно-тактические у,"🔹С 16 по 20 января в Давосе (Швейцария) пройдет Всемирный экономический форум. 🔹С 16 января по 1 февраля авиаподразделения вооруженных сил Белоруссии и России проведут совместные летно-тактические учения. 🔹Верховный суд России рассмотрит иск генпрокурора Игоря Краснова о признании международной организации «Маньяки. Культ Убийств» («М.К.У.») террористической и ее запрете в РФ. 🔹С 16 января Сбербанк отключит устаревшие приложения на смартфонах. 🔹16 января состоится встреча министров финансов стран еврозоны (Еврогруппа). 🔹В Брюсселе в штаб-квартире НАТО состоятся переговоры генерального секретаря НАТО Йенса Столтенберга с боснийским членом президиума Боснии и Герцеговины Денисом Бечировичем (в закрытом режиме). 🔹В Бабушкинском суде Москвы прокурор в прениях сторон запросит срок для бывшего схиигумена Сергия (Николая Романова) и его помощника Всеволода Могучева по делу об экстремизме. 🔹Заводской районный суд Саратова приступит к рассмотрению иска председателя областной думы Михаила Исаева (ЕР) о защите чести, достоинства, деловой репутации к компании Telegram FZ-LLC из-за публикаций в одноименном мессенджере. 🔹В Южном окружном военном суде (Ростов-на-Дону) в 12:00 будет оглашен приговор по уголовному делу в отношении Али Тазиева по прозвищу Магас, обвиняемого в нападении на посты ДПС в Ингушетии и других преступлениях. 🔹С 16 по 18 января в Абу-Даби пройдет 16-я Международная выставка и конференция инноваций в энергетике и экологии будущего «Всемирный саммит по энергии будущего» (World Future Energy Summit 2023). 🔹Военнослужащие воздушных сил самообороны Японии и пилоты ВВС Индии впервые проведут совместные учения с участием боевых самолетов. 🔹С 16 по 18 января 2023 года в Республике Саха (Якутия) в связи с погодными условиями школьники перейдут на дистанционное обучение. 🔹В Греции экс-король Константин II, скончавшийся в Афинах в возрасте 82 лет, будет похоронен на фамильном кладбище на территории бывшей летней королевской резиденции в местечке Татой без государственных почестей, как частное лицо.",https://vk.com/wall-23482909_2830699,vk
2023-01-20 13:01:45,"В конце прошлой недели Росстат обнародовал подробные декабрьские и годовые данные по динамике индекса потребительских цен за год . Годовая инфляция по итогам 2022 года составила 11,9%. Напомним, ска","В конце прошлой недели Росстат обнародовал подробные декабрьские и годовые данные по динамике индекса потребительских цен за год . Годовая инфляция по итогам 2022 года составила 11,9%. Напомним, скачок до рекордных 18% был зафиксирован в апреле, вскоре после начала СВО, потом инфляция замедлялась. В 2022 году эксперты и СМИ активно обсуждали рекордный рост цен в России, а также в США, Великобритании и в странах еврозоны. Регуляторы массово повышали процентные ставки. Тем не менее, как показывает статистика, никто из этих государств не входит в мировые лидеры по инфляции. Россия по годовым темпам роста также занимает место далеко не в первой десятке. [club23482909|@kommersant]",https://vk.com/wall-23482909_2837676,vk
2023-02-13 00:20:00,🔹Президент России Владимир Путин проведет встречу с лидером КПРФ Геннадием Зюгановым и лидером ЛДПР Леонидом Слуцким. 🔹В Москве комитет Госдумы по бюджету на заседании планирует рассмотреть подгото,"🔹Президент России Владимир Путин проведет встречу с лидером КПРФ Геннадием Зюгановым и лидером ЛДПР Леонидом Слуцким. 🔹В Москве комитет Госдумы по бюджету на заседании планирует рассмотреть подготовленные правительством поправки в Налоговый кодекс (НК), связанные с налогообложением нефтяной отрасли и работой демпферного механизма. 🔹В Москве арбитражный суд проведет предварительные слушания по иску входящего в Crocus Group бизнесмена Араса Агаларова АО «Крокус Интернэшнл», которое требует взыскать более 6 млрд руб. с государственной компании «Российские автомобильные дороги» («Автодор»). 🔹В Москве арбитражный суд проведет предварительные слушания по иску мобильного оператора «Вымпелком» (бренд «Билайн», входит в холдинг Veon) о признании недействительным одного из пунктов разъяснений Центрального банка России об особенностях ответственности российских юрлиц по еврооблигациям в условиях международных санкций. 🔹В Ростове-на-Дону областной суд назначил дату оглашения приговора по делу «банды амазонок», которые нападали на водителей и полицейских. 🔹В Турции как ожидается, коалиция из шести оппозиционных партий объявит имя кандидата в президенты. 🔹В Берлине пройдет кик-офф встреча в преддверии Мюнхенской конференции по безопасности. 🔹В Брюсселе пройдет пресс-конференция генерального секретаря НАТО Йенса Столтенберга в преддверии встречи министров обороны стран Альянса 14-15 февраля. 🔹В Бельгии состоится встреча министров финансов стран еврозоны (Еврогруппа). 🔹В Греции начнется бойкот сыру и молочным продуктам, объявленный Всеобщей федерацией потребителей Греции (INKA) в ответ на дороговизну на продовольственном рынке и сокращение количества продуктов в упаковках. 🔹С 13 февраля по 15 апреля в Москве допуск в мавзолей Ленина на Красной площади не будет осуществляться в связи с проведением профилактических работ. [club23482909|@kommersant]",https://vk.com/wall-23482909_2876178,vk
2023-02-14 20:18:55,"Молдавия объяснила приостановку полетов обнаружением неопознанного летательного объекта, похожего на метеозонд. Об этом сообщили в управлении воздушной авиации страны. Воздушное пространство закрыли о","Молдавия объяснила приостановку полетов обнаружением неопознанного летательного объекта, похожего на метеозонд. Об этом сообщили в управлении воздушной авиации страны. Воздушное пространство закрыли около 15:20 мск, ограничения отменили меньше чем через час. Как сообщили в управлении воздушной авиации со ссылкой на данные Минобороны, неопознанный летательный объект был замечен в воздушном пространстве страны в 12:30 (13:30 мск). «Учитывая метеоусловия и невозможность наблюдения и идентификации объекта, а также траектории его полета в целях обеспечения безопасности граждан было принято решение о временном закрытии воздушного пространства страны»,— говорится в сообщении ведомства. Других подробностей не приводится. [club23482909|@kommersant]",https://vk.com/wall-23482909_2879568,vk
2023-02-27 01:42:01,"По итогам прошлого года рекламный рынок РФ сохранил топ-5 отраслей-инвесторов, почти не изменилась и первая пятерка рекламодателей, новым лицом в ней стал только Ozon. В то же время в топ-15 произош","По итогам прошлого года рекламный рынок РФ сохранил топ-5 отраслей-инвесторов, почти не изменилась и первая пятерка рекламодателей, новым лицом в ней стал только Ozon. В то же время в топ-15 произошли более серьезные перестановки, резко упали позиции автомобилей и безалкогольных напитков, зато выросла финансируемая государством социальная реклама. Она поднялась с 37-го на 15-е место. Среди площадок в результате сильнее всего выиграло радио. #Ъузнал@kommersant",https://vk.com/wall-23482909_2901036,vk
2023-03-10 03:11:00,Введенная Wildberries полгода назад комиссия для регистрации новых продавцов оттолкнула часть начинающих селлеров от работы с маркетплейсом. В итоге онлайн-компания впервые потеряла лидерство среди он,"Введенная Wildberries полгода назад комиссия для регистрации новых продавцов оттолкнула часть начинающих селлеров от работы с маркетплейсом. В итоге онлайн-компания впервые потеряла лидерство среди онлайн-площадок по доле таких селлеров, уступив первое место Ozon, выяснили в Tinkoff Data. В Wildberries с этими данными не согласны, связывая рост продавцов у конкурентов с их низкой базой. Сложившаяся конфигурация может еще несколько раз смениться, считают эксперты, поскольку в e-commerce усиливается конкуренция. #Ъузнал@kommersant",https://vk.com/wall-23482909_2923368,vk
2023-03-16 07:30:01,"🔸 NASDAQ намерена провести делистинг акций «Яндекса», Ozon, Qiwi и HeadHunter. Нью-Йоркская фондовая биржа планирует делистинг депозитарных расписок ЦИАНа. «Яндекс» обжалует решение, Ozon изучает вопр","🔸 NASDAQ намерена провести делистинг акций «Яндекса», Ozon, Qiwi и HeadHunter. Нью-Йоркская фондовая биржа планирует делистинг депозитарных расписок ЦИАНа. «Яндекс» обжалует решение, Ozon изучает вопрос апелляции. https://www.kommersant.ru/doc/5875625?vk 🔸 США считают приостановку участия России в ДСНВ юридически недействительной. В связи с этим, по мнению Вашингтона, Москва по-прежнему должна соблюдать условия соглашения. https://www.kommersant.ru/doc/5875668?vk 🔸 Начальники генштабов РФ и США провели телефонные переговоры «в развитие телефонных переговоров» министров обороны РФ и США, обсуждавших инцидент с американским беспилотником над Черным морем. https://www.kommersant.ru/doc/5875627?vk 🔸 Президент Сирии Башар Асад заявил, что Дамаск признает новые границы России. https://www.kommersant.ru/doc/5875667?vk 🔸 Страны G7 намерены оставить потолок цен на уровне $60 за баррель. Президент США Джо Байден сообщил главе ЕК Урсуле фон дер Ляйен, что у его администрации нет желания корректировать лимит. https://www.kommersant.ru/doc/5875669?vk 🔸 Credit Suisse займет у ЦБ Швейцарии до $53,7 млрд. Решение принято после падения акций на 30% на фоне проблем с финансовой отчетностью. https://www.kommersant.ru/doc/5875678?vk #главноекутру",https://vk.com/wall-23482909_2932887,vk
2023-03-16 15:17:30,"Президент России Владимир Путин, выступая на съезде Российского союза промышленников и предпринимателей (РСПП), с иронией прокомментировал утверждения бизнесменов, что хранить активы за рубежом надежн","Президент России Владимир Путин, выступая на съезде Российского союза промышленников и предпринимателей (РСПП), с иронией прокомментировал утверждения бизнесменов, что хранить активы за рубежом надежнее. Другие заявления президента РФ: 🔹 Российская экономика приобретает принципиально иное качество, начинает развиваться по новой модели. Позитивные тенденции в российской экономике набирают силу, во втором квартале текущего года ожидается существенное увеличение ВВП. 🔹 Страны еврозоны пытаются всех убедить в скором коллапсе российской экономики, а инфляция у них выше. 🔹 Инвестиции, сделанные в российскую экономику сейчас, окупятся сторицей завтра. 🔹 Бизнес в РФ не должен упустить шансы для развития в освободившихся нишах, а то «не ровен час, некоторые ушедшие компании захотят вернуться». 🔹 «Те, кто остался здесь и реально работает оказались умнее, энергичнее, эффективнее тех, кто уехал и дает там советы нашим недоброжелателям». [club23482909|@kommersant]",https://vk.com/wall-23482909_2933358,vk
2023-03-28 17:03:37,"По данным исследования Goldman Sachs, последние достижения в развитии искусственного интеллекта (ИИ) могут привести к автоматизации четверти всей работы, выполняемой в США и еврозоне. Это даст импуль","По данным исследования Goldman Sachs, последние достижения в развитии искусственного интеллекта (ИИ) могут привести к автоматизации четверти всей работы, выполняемой в США и еврозоне. Это даст импульс производительности труда и может за десять лет поднять глобальный ВВП на 7%. При этом затронуты будут 300 млн рабочих мест. Впрочем, эксперты подчеркивают, что это не означает массовых увольнений — многие люди будут избавлены от монотонных обязанностей и смогут заняться более креативной деятельностью, что только повысит общую производительность труда.",https://vk.com/wall-23482909_2959792,vk
2023-04-20 03:05:01,"Усиливающая конкуренция между крупными маркетплейсами по расширению сети пунктов самовывоза товаров вынуждает их привлекать в процесс доставки госкомпании, имеющие для этого всю инфраструктуру. Так, O","Усиливающая конкуренция между крупными маркетплейсами по расширению сети пунктов самовывоза товаров вынуждает их привлекать в процесс доставки госкомпании, имеющие для этого всю инфраструктуру. Так, Ozon запускает проект с «Почтой России», которая на первом этапе готова открыть в 600 отделениях пункты маркетплейса по выдаче заказов, а к следующему году — увеличить их число до 22,5 тыс. Это позволит Ozon обогнать по этому показателю своего ближайшего конкурента — Wildberries. Во многих крупных городах для онлайн-площадок открытие новых пунктов ограничено из-за их большого числа, поэтому, по мнению экспертов, интернет-компании вынуждены выходить в отдаленные регионы. #Ъузнал@kommersant",https://vk.com/wall-23482909_3006691,vk
2023-05-03 14:29:52,"Авиабилеты на майские каникулы по самым популярным направлениям внутри РФ подорожали год к году в среднем на 10%, выяснил «Ъ». Однако наиболее востребованные зарубежные рейсы в основном подешевели. Со","Авиабилеты на майские каникулы по самым популярным направлениям внутри РФ подорожали год к году в среднем на 10%, выяснил «Ъ». Однако наиболее востребованные зарубежные рейсы в основном подешевели. Собеседники «Ъ» в авиакомпаниях объясняют тенденцию увеличившейся до двух недель глубиной бронирования и высокой базой прошлого года. Тем не менее эксперты отмечают, что перелет в Турцию сейчас в среднем вдвое дороже, чем в 2019 году, и рост турпотока за пределы РФ может сдержать ослабление рубля. ⠀ Билет в Москву обошелся, по данным «Авиасейлс», в 7,9 тыс. руб., в Петербург — 9,1 тыс. руб.. ⠀ У OneTwoTrip — в 6,4 тыс. руб. и 6,6 тыс. руб. соответственно. ⠀ Перелет в Калининград стоил от 6,9 тыс. руб. до 11,9 тыс. руб. ⠀ Наиболее популярным южным направлением у «Авиасейлс» оказались Минводы: 12,1 тыс. руб. ⠀ Билеты в Сочи у обоих агрегаторов снизились в цене: до 7,3 тыс. руб., у OneTwoTrip и до 12,1 тыс., у «Авиасейлс». Среди подешевевших направлений OneTwoTrip выделяет также Екатеринбург. ⠀ Удешевление билетов в Стамбул в OneTwoTrip составило до 19,5 тыс. руб., почти так же упали в цене билеты в Анталью — до 17 тыс. руб. ⠀ Перелет в Ереван подорожал до 20,8 тыс. руб. (а у OneTwoTrip подешевел до 13 тыс. руб.), в Ташкент — также до 21 тыс. руб. (у OneTwoTrip удешевление до 11,6 тыс.). ⠀ У OneTwoTrip в топ-5 зарубежных направлений попал Минск, 6 тыс. руб. в одну сторону, у «Авиасейлс» — Баку, почти не изменившийся в цене: 23 тыс. руб. за билет. ⠀ В Ozon.Travel в зарубежный топ также попал Израиль, стоимость билетов в сервисе не раскрывают, уточняя лишь, что в целом «клиенты стали расходовать на билеты на майские каникулы в 1,5 раза больше, чем годом ранее». ⠀ Примечательно, что пакетные цены на традиционно популярную Турцию в 2023 году аномально выросли. Средняя цена тура в Турцию за год выросла на 20–30%, до 226 тыс. руб., тогда как цена для Таиланда или ОАЭ на двоих — от 150 тыс. до 200 тыс. руб. соответственно. [club23482909|@kommersant]",https://vk.com/wall-23482909_3031684,vk
2023-05-15 05:10:01,"Маркетплейсы отмечают заметное увеличение спроса на любительские дроны. Их продажи на Wildberries в январе—марте выросли почти в 20 раз год к году, до 26,7 тыс. штук, а на Ozon — в 15 раз, до 17,6 тыс","Маркетплейсы отмечают заметное увеличение спроса на любительские дроны. Их продажи на Wildberries в январе—марте выросли почти в 20 раз год к году, до 26,7 тыс. штук, а на Ozon — в 15 раз, до 17,6 тыс. штук. Закрытие летных зон в большинстве регионов и увеличение числа штрафов за несогласованный запуск дронов пока не сказались на интересе к ним, отмечают участники рынка. Эксперты полагают, что на спрос повлияла в том числе популяризация дронов в СМИ: потребители часто слышат о них в связи с военными действиями на Украине. Часть устройств, впрочем, напрямую закупается для участия в конфликте. #Ъузнал@kommersant",https://vk.com/wall-23482909_3051220,vk
2023-05-26 19:59:01,"Собеседник «Ъ», близкий к Ozon, сообщил, что Microsoft 25 мая лишила сотрудников Ozon доступа к своим сервисам — Outlook, Teams, Word, Excel и т. п. Источник предполагает, что отключение связано с тем","Собеседник «Ъ», близкий к Ozon, сообщил, что Microsoft 25 мая лишила сотрудников Ozon доступа к своим сервисам — Outlook, Teams, Word, Excel и т. п. Источник предполагает, что отключение связано с тем, что Ozon использовал лицензии, «закупленные обходным путем». «Все пользуются бесплатными аналогами, пришлось перейти на Google Meet, Zoom, Telegram. В основном вся проблема сейчас крутится вокруг почты, на которой хранилась почти вся информация. Все сломалось, и починить это нельзя, только перенести на локальные сервера, чем программисты сейчас и заняты»,— рассказал источник газеты. В Ozon «Ъ» подтвердили информацию о проблемах с доступом к некоторым сервисам Microsoft. «Доступ к ключевым сервисам уже восстановлен, значительного влияния на работу сотрудников нет. Для общения внутри мы используем другое ПО, разработанное не Microsoft»,— сказал «Ъ» представитель маркетплейса. Он добавил, что сервисов и коммуникаций для покупателей, продавцов и партнеров Ozon эта ситуация никак не коснулась: «Наши ключевые операционные IT-системы — управление складами, управление продажами для продавцов — разработаны внутри командой разработчиков Ozon и работают бесперебойно». В Ozon также отметили, что лицензии на ПО от Microsoft компания приобрела у официального дистрибутора: «Мы разбираемся в причинах происшедшего» Собеседник «Ъ» в IT-компании, поставляющей зарубежный софт, рассказал, что у Microsoft есть возможность точечно определить и отключить любого пользователя его сервисов. «Зачастую корпорация может не обращать внимания на мелкие компании, которые обходным путем используют их сервисы, однако без проблем может отключить организацию, в которой работает больше 10 тыс. человек»,— говорит он. #Ъузнал [club23482909|@kommersant]",https://vk.com/wall-23482909_3077215,vk
2023-05-26 22:04:19,◾️ Минюст внес в реестр иноагентов две организации и девять человек. Среди них — лидер группы «Би-2» Егор Бортник и экс-депутат Госдумы Магомед Гаджиев. https://www.kommersant.ru/doc/6011770?vk ◾️ M,"◾️ Минюст внес в реестр иноагентов две организации и девять человек. Среди них — лидер группы «Би-2» Егор Бортник и экс-депутат Госдумы Магомед Гаджиев. https://www.kommersant.ru/doc/6011770?vk ◾️ Microsoft лишила сотрудников Ozon доступа к своим сервисам, сообщил источник «Ъ». В Ozon заявили, что доступ к ключевым сервисам восстановлен. https://www.kommersant.ru/doc/6011735?vk ◾️ Президент Владимир Путин заявил, что возобновление прямого авиасообщения с Грузией было его личным предложением и решением. https://www.kommersant.ru/doc/6011715?vk ◾️ В ЦБ сообщили о выведении одним из крупных банков с баланса замороженных активов. Название банка там не раскрыли. https://www.kommersant.ru/doc/6011729?vk ◾️ МВД России с 1 июня начнет прием заявлений на биометрические загранпаспорта. Их выдача была приостановлена с 2 февраля 2023 года. https://www.kommersant.ru/doc/6011629?vk ◾️ Суд в Германии признал незаконными постановления на обыск объектов недвижимости в Германии и яхты «Дильбар». Все эти объекты следствие связывало с Алишером Усмановым. https://www.kommersant.ru/doc/6011445?vk #главноеквечеру",https://vk.com/wall-23482909_3077419,vk
2023-06-01 02:20:00,"Озон-банк, входящий в одноименный холдинг, вводит накопительный счет со ставкой 8% годовых. Торговой площадке инструмент, аналоги которого уже есть у всех основных конкурентов, может помочь повысить т","Озон-банк, входящий в одноименный холдинг, вводит накопительный счет со ставкой 8% годовых. Торговой площадке инструмент, аналоги которого уже есть у всех основных конкурентов, может помочь повысить товарооборот за счет притока новых клиентов. Но гражданам нужно быть внимательными к нюансам: в продукте возможен односторонний пересмотр ставки, тогда как по вкладам она фиксирована на определенный промежуток времени. Причем, как правило, банки предлагают щедрые проценты лишь на первые месяцы, высокая ставка выступает лишь маркетинговым ходом. #Ъузнал",https://vk.com/wall-23482909_3087288,vk
2023-06-01 02:35:01,"Регулярные конфликты Wildberries с партнерами уже сказываются на популярности площадки среди операторов пунктов выдачи заказов (ПВЗ). По данным Tinkoff eCommerce, за апрель доля работающих под брендом","Регулярные конфликты Wildberries с партнерами уже сказываются на популярности площадки среди операторов пунктов выдачи заказов (ПВЗ). По данным Tinkoff eCommerce, за апрель доля работающих под брендом Wildberries ПВЗ среди крупнейших игроков сократилась с 43% до 38%, в то время как Ozon и «Яндекс.Маркету» удалось увеличить показатели. При сохранении текущих подходов к решению конфликтов тенденция может продолжиться, отмечают эксперты. В то же время Wildberries и его клиенты вряд ли сильно пострадают: у лидеров рынка сейчас высокий уровень покрытия ПВЗ в крупных городах. #Ъузнал",https://vk.com/wall-23482909_3087300,vk
2023-06-01 07:35:01,🔸 Ночью при обстреле Шебекино Белгородской области пострадали не менее пяти человек. Над Белгородским районом сработала система ПВО. https://www.kommersant.ru/doc/6014987?vk 🔸 Воздушная тревога была,"🔸 Ночью при обстреле Шебекино Белгородской области пострадали не менее пяти человек. Над Белгородским районом сработала система ПВО. https://www.kommersant.ru/doc/6014987?vk 🔸 Воздушная тревога была объявлена в девяти регионах Украины. В Киеве звучали взрывы. Мэр Киева Виталий Кличко сообщил о трех погибших. https://www.kommersant.ru/doc/6014986?vk 🔸 Законопроект о повышении потолка госдолга США принят большей частью конгрессменов Палаты представителей. Далее его должен одобрить Сенат. Если это произойдет, документ отправится на подпись президенту США Джо Байдену. https://www.kommersant.ru/doc/6014991?vk 🔸 Минфин США разрешил операции с Международным инвестиционным банком до 30 июня. https://www.kommersant.ru/doc/6014952?vk 🔸 «Госуслуги» возобновили прием заявлений на выпуск биометрических загранпаспортов. https://www.kommersant.ru/doc/6014985?vk 🔸 В Озон-банке рассказали «Ъ», что вводят новый накопительный счет. Согласно тарифу, банк предлагает по этому продукту 8% годовых на минимальный остаток за месяц. https://www.kommersant.ru/doc/6014865?vk 🔸 Счетная палата РФ обнаружила срыв сроков строительства более половины бюджетных объектов в 2022 году. https://www.kommersant.ru/doc/6014982?vk #главноекутру",https://vk.com/wall-23482909_3087463,vk
2023-06-02 02:35:01,"Немецкому онлайн-ритейлеру Otto, объявившему год назад наряду с другими западными компаниями об уходе с российского рынка, удалось продать все свои активы в стране — два складских комплекса в Тверской","Немецкому онлайн-ритейлеру Otto, объявившему год назад наряду с другими западными компаниями об уходе с российского рынка, удалось продать все свои активы в стране — два складских комплекса в Тверской области. Недвижимость оценочной стоимостью 2,3 млрд руб. досталась оператору мультитемпературных складов Multicold на 50% дешевле. Часть площадей новый владелец уже успел сдать маркетплейсу Ozon. #Ъузнал",https://vk.com/wall-23482909_3090063,vk
2023-06-08 13:34:47,"Американская биржа NASDAQ удовлетворила апелляцию «Яндекса» и не будет проводить делистинг акций. Это не касается решения о приостановке торгов акциями «Яндекса», которое действует с конца февраля 202","Американская биржа NASDAQ удовлетворила апелляцию «Яндекса» и не будет проводить делистинг акций. Это не касается решения о приостановке торгов акциями «Яндекса», которое действует с конца февраля 2022 года. Как отмечает компания, NASDAQ учел планы «Яндекса» по реструктуризации. В ее рамках основная часть бизнеса будет выделена в отдельную группу компаний, контроль над ней сохранит менеджмент. «Согласно решению NASDAQ, ценные бумаги ""Яндекса"" продолжат находиться в биржевом списке, но решение о приостановке торгов останется в силе. На Московской бирже акции ""Яндекса"" торгуются в обычном режиме»,— говорится в сообщении компании. Биржа NASDAQ в марте сообщила о планах провести делистинг ценных бумаг «Яндекса», Ozon, Qiwi и HeadHunter. Все они обжаловали решение. NASDAQ ранее отклонила апелляцию Ozon, но компания намерена во второй раз оспорить это решение. [club23482909|@kommersant]",https://vk.com/wall-23482909_3103329,vk
2023-06-08 16:45:38,"Китай и Куба достигли соглашения о размещении на острове китайской шпионской базы, которая будет наблюдать за США. За это Гавана получит несколько миллиардов долларов. Об этом сообщила газета The Wall","Китай и Куба достигли соглашения о размещении на острове китайской шпионской базы, которая будет наблюдать за США. За это Гавана получит несколько миллиардов долларов. Об этом сообщила газета The Wall Street Journal (WSJ) со ссылкой на разведку США. По словам чиновников, близких к американской разведке, шпионская база в 100 милях от Флориды позволит китайским разведслужбам перехватывать сообщения, в том числе электронные письма, телефонные звонки и спутниковые сообщения, на военных базах по всему юго-востоку США, а также следить за движением американских судов. Строительство базы вызвало тревогу в Белом доме. Издание отмечает, что китайская база с подобными передовыми технологиями «на заднем дворе США» может стать новой беспрецедентной угрозой. При этом, как пишет издание, неизвестно, могла ли администрация США повлияет на решение Кубы отказаться от размещения базы. По информации WSJ, Китай и Куба достигли принципиального соглашения о создании базы. Американской разведке неизвестно, когда начнется ее строительство. В посольстве Китая в Вашингтоне отказались от комментариев. В посольстве Кубы не ответили на запрос. Отношения Китая и США в очередной раз обострились в феврале, когда в небе над США был сбит китайский аэростат. Вашингтон утверждал, что это разведывательный аэростат, Китай — сбившийся с курса метеозонд. США пытались организовать переговоры между главой Пентагона Ллойдом Остином и министром обороны Китая Ли Шанфу во время «Диалога Шангри-Ла», однако Китай отказался от встречи. [club23482909|@kommersant]",https://vk.com/wall-23482909_3103945,vk
2023-06-09 20:06:42,"Группа Qiwi добилась отмены делистинга акций компании на бирже NASDAQ при соблюдении ряда условий. В частности, Qiwi обязалась разделить бизнес на международный и российские сегменты, следует из заявл","Группа Qiwi добилась отмены делистинга акций компании на бирже NASDAQ при соблюдении ряда условий. В частности, Qiwi обязалась разделить бизнес на международный и российские сегменты, следует из заявления пресс-службы компании. «Qiwi планирует полностью избавиться от своих российских предприятий и активов и сосредоточиться на дальнейшем наращивании своего международного бизнеса как за счет развития существующих операций, так и за счет слияний и поглощений. Компания считает, что после реструктуризации у нее будет достаточно средств для развития бизнеса, чтобы полностью соответствовать требованиям NASDAQ и OFAC (Управление по контролю за иностранными активами США.— “Ъ”)»,— говорится в заявлении компании. Qiwi обязуется до 30 июня передать все российские активы АО «Киви», до 30 августа подготовить промежуточную финансовую отчетность, а также завершить отказ от активов, расположенных в РФ. Компания планирует до 11 сентября продемонстрировать NASDAQ соблюдение всех требований, необходимых для продолжения листинга. В Qiwi подчеркнули, что реструктуризация никак не скажется на повседневной деятельности компании и доступности ее сервисов. Торги американскими депозитарными расписками Qiwi на Мосбирже продолжатся в обычном режиме, сообщила пресс-служба. 15 марта биржа NASDAQ объявила о намерении провести делистинг акций российских компаний Qiwi, HeadHunter, «Яндекс» и Ozon. Руководство компаний заверило, что это не повлияет на их работу. 22 марта Qiwi обжаловала решение руководства биржи NASDAQ о делистинге акций. 8 июня отмены делистинга добился «Яндекс», который также планирует провести реструктуризацию. [club23482909|@kommersant]",https://vk.com/wall-23482909_3107187,vk
2023-06-14 01:50:01,В московском кинотеатре «Октябрь» вчера стартовал фестиваль нового французского кино «Французские премьеры». Он открылся новым фильмом Франсуа Озона «Мое преступление». Комментирует Андрей Плахов.,В московском кинотеатре «Октябрь» вчера стартовал фестиваль нового французского кино «Французские премьеры». Он открылся новым фильмом Франсуа Озона «Мое преступление». Комментирует Андрей Плахов.,https://vk.com/wall-23482909_3113136,vk
2023-06-16 18:59:02,"📈Курс евро на Московской бирже вечером 16 апреля поднялся до 92 руб./€, свидетельствуют данные торгов. Это произошло впервые с 25 апреля. К 18:47 курс евро вырос на 41 копейку, ровно до 92 руб./€. Ма","📈Курс евро на Московской бирже вечером 16 апреля поднялся до 92 руб./€, свидетельствуют данные торгов. Это произошло впервые с 25 апреля. К 18:47 курс евро вырос на 41 копейку, ровно до 92 руб./€. Максимально на торгах 16 июня курс европейской валюты подскакивал до 92,01 руб./€. Курс евро растет с начала июня. Ослабление российской валюты происходит на фоне падения цен на нефть из-за рецессии в еврозоне. Актуальные курсы доллара и евро, а также котировки главных индексов и акций на Мосбирже доступны на специальной странице. 🔗https://www.kommersant.ru/indices?vk",https://vk.com/wall-23482909_3117296,vk
2023-06-22 18:18:53,"📊 Ozon стал самой популярной франшизой в России по версии Forbes, который представил рейтинг «30 самых выгодных франшиз» с мая 2022 по май 2023 года. За отчетный период Ozon увеличил количество партне","📊 Ozon стал самой популярной франшизой в России по версии Forbes, который представил рейтинг «30 самых выгодных франшиз» с мая 2022 по май 2023 года. За отчетный период Ozon увеличил количество партнерских пунктов выдачи заказов (ПВЗ) на 11 601. Итоговые баллы выставляли на основе пяти критериев: средней годовой выручки одной точки, коэффициента окупаемости инвестиций (ROI), срока окупаемости, рентабельности и количественного прироста партнерской сети за отчетный период — учитывалась разница открытых и закрытых точек. В 2022 году Ozon был назван самой популярной франшизой в России среди предпринимателей. [club23482909|@kommersant]",https://vk.com/wall-23482909_3128997,vk
2023-06-23 19:44:00,"🎬22 июня в прокат вышел ряд фильмов, среди которых комедийная драма Франсуа Озона «Мое преступление» и криминальный триллер Ника Кассаветиса «Он — это пуля». Что посмотреть в кино на выходных — в под","🎬22 июня в прокат вышел ряд фильмов, среди которых комедийная драма Франсуа Озона «Мое преступление» и криминальный триллер Ника Кассаветиса «Он — это пуля». Что посмотреть в кино на выходных — в подборке «Ъ»: kommersant.ru/doc/6056862?vk Фото: «Кинопоиск»",https://vk.com/wall-23482909_3131026,vk
2023-06-30 05:04:01,Спрос на наличные деньги с начала военной операции РФ на Украине вырос не только в России и на Украине. Европейский центральный банк (ЕЦБ) опубликовал статистические данные о резко выросшем в марте—,"Спрос на наличные деньги с начала военной операции РФ на Украине вырос не только в России и на Украине. Европейский центральный банк (ЕЦБ) опубликовал статистические данные о резко выросшем в марте—апреле 2022 года спросе на наличные евро, причем в основном в купюрах €100 и €200, наиболее популярных для «экстренных» сбережений. По крайней мере в странах вне еврозоны спрос на сбережения в наличных евро сохраняется, видимо, и сейчас.",https://vk.com/wall-23482909_3146934,vk
2023-07-03 00:35:01,"🔹В Мытищах (Московская область) состоится прощание с бывшим первым заместителем начальника Генштаба Вооруженных сил РФ Валерием Маниловым, умершим на 85-м году жизни. 🔹Московская биржа запускает на","🔹В Мытищах (Московская область) состоится прощание с бывшим первым заместителем начальника Генштаба Вооруженных сил РФ Валерием Маниловым, умершим на 85-м году жизни. 🔹Московская биржа запускает на срочном рынке три новых расчетных премиальных опциона на валютные пары. 🔹«Цифра брокер» вводит ограничения на вывод клиентских средств в евро на счета в российских банках (кроме Райффайзенбанка), а также в кредитных организациях ряда стран. 🔹Райффайзенбанк перестанет проводить исходящие переводы в евро в некоторые страны из-за ограничений, введенных банками-корреспондентами. 🔹В России вступит в силу новая редакция условий совершения Банком России и кредитной организацией сделок РЕПО. 🔹В Белоруссии вступит в силу запрет на передвижение зарегистрированных в Польше прицепов, полуприцепов и перевозящих грузы легковых автомобилей. 🔹В Вильнюсе пройдет межведомственное координационное совещание по подготовке к проведению 11-12 июля в Вильнюсе саммита НАТО. 🔹В Гааге начнет работу международный центр по расследованию предполагаемых военных преступлений на Украине. 🔹Арбитражный суд Московской области рассмотрит вопрос о банкротстве бывшего основного владельца Бинбанка и «Рост банка» бизнесмена Микаила Шишханова. 🔹Ozon при блокировке подделок, реплик и других запрещенных товаров будет также взимать плату с их продавцов, пытающихся реализовать эту продукцию на площадке. 🔹С 3 по 7 июля в Москве пройдет фестиваль-форум «Российская креативная неделя». 🔹В Лондоне пройдет Уимблдонский теннисный турнир. [club23482909|@kommersant]",https://vk.com/wall-23482909_3152118,vk
2023-07-03 02:44:00,Изменения системы начисления зарплат в «Почте России» привели к массовым увольнениям почтальонов и сотрудников отделений. Компания ввела ограничения на распределение окладов вакантных позиций между де,"Изменения системы начисления зарплат в «Почте России» привели к массовым увольнениям почтальонов и сотрудников отделений. Компания ввела ограничения на распределение окладов вакантных позиций между действующими сотрудниками и сократила число свободных ставок. Решение обусловлено ухудшающимся финансовым положением «Почты России» на фоне потери значительной части трансграничной торговли, но грозит социальным напряжением в одном из крупнейших работодателей страны. В самой компании, впрочем, утверждают, что «о сокращении основного персонала речи не идет», и обещают открыть 1 тыс. новых ставок в рамках проекта с Ozon. #Ъузнал",https://vk.com/wall-23482909_3152182,vk
2023-07-21 05:07:00,"По данным июльских конъюнктурных опросов Института Гайдара (ИЭП), оптимизм российской промышленности продолжил снижаться второй месяц подряд. Соответствующий индекс ИЭП с пиковых значений мая за июн","По данным июльских конъюнктурных опросов Института Гайдара (ИЭП), оптимизм российской промышленности продолжил снижаться второй месяц подряд. Соответствующий индекс ИЭП с пиковых значений мая за июнь опустился лишь на 2 пункта, но за 19 дней июля — уже на 6 пунктов, до значений января—февраля 2023 года. Показатель с некоторым лагом традиционно следует за аналогичным индикатором в еврозоне (OECD Industrial Confidence Indicator), который в июне ушел в заметный минус, более всего заметный в Германии.",https://vk.com/wall-23482909_3184805,vk
2023-07-24 12:00:03,"Маркетплейс Ozon до конца 2023 года предложит работу в своих фулфилмент-центрах в Ростове-на-Дону, Казани и Московской области более 500 осужденным с мягким режимом отбывания наказания в рамках соцпро","Маркетплейс Ozon до конца 2023 года предложит работу в своих фулфилмент-центрах в Ростове-на-Дону, Казани и Московской области более 500 осужденным с мягким режимом отбывания наказания в рамках соцпроекта «Ozon без осуждения». Таким образом компания намерена помочь осужденным с социальной адаптацией и увеличить перспективы их трудоустройства в будущем. Из пресс-релиза Ozon следует, что участниками проекта могут стать только те, кто осужден впервые и проживает в исправительных центрах и колониях-поселениях. «Новые сотрудники займутся сбором заказов для клиентов и обработкой возвращаемых заказов на складах. Проект не распространяется на курьерскую службу и пункты выдачи заказов»,— уточнили в компании. Всего до конца текущего года компания планирует принять на работу более 500 осужденных в разных регионах. Однако доля осужденных не превысит 10% от численности сотрудников каждого склада. В сообщении маркетплейса отмечается, что после освобождения из исправительных учреждений участники соцпроекта смогут продолжить работу на складе или пройти отбор на другие вакансии в компании. Уточняется, что социальный проект «Ozon без осуждения» — продолжение пилотного проекта компании с УФСИН Санкт-Петербурга, запущенного осенью 2022 года. Тогда Ozon трудоустроил в свой региональный фулфилмент-центр несколько десятков осужденных к принудительным работам. Шесть из десяти сотрудников после освобождения от принудительных работ остались сотрудниками складов компании. Фото: Коммерсантъ / Елена Волжанкина [club23482909|@kommersant]",https://vk.com/wall-23482909_3189637,vk
2023-08-11 04:37:01,"В рамках очередного «Экономического бюллетеня», приуроченного к июльскому заседанию совета директоров ЕЦБ по ставке, экономисты денежного регулятора зоны евро представили работу по ожиданиям население","В рамках очередного «Экономического бюллетеня», приуроченного к июльскому заседанию совета директоров ЕЦБ по ставке, экономисты денежного регулятора зоны евро представили работу по ожиданиям населением еврозоны повышения или понижения ключевой ставки. Напомним, в рамках инфляционного таргетирования центробанки стандартно оперируют данными об инфляционных ожиданиях — предположениях населения и аналитиков о текущей и будущей инфляции — и пытаются ими управлять. Но исследования мнения населения об изменениях именно ключевой ставки — редкость.",https://vk.com/wall-23482909_3223371,vk
2023-08-16 00:20:00,🔹Президент России Владимир Путин на совещании с членами правительства обсудит ситуацию с инвестициями в неугольные сектора экономики угледобывающих регионов. С докладами выступят министр экономическ,"🔹Президент России Владимир Путин на совещании с членами правительства обсудит ситуацию с инвестициями в неугольные сектора экономики угледобывающих регионов. С докладами выступят министр экономического развития Максим Решетников, губернатор Кемеровской области и председатель комиссии Государственного Совета Российской Федерации по направлению «Энергетика» Сергей Цивилев и глава Коми Владимир Уйба. 🔹В Москве Савеловский суд рассмотрит административный протокол в отношении ПАО «Вымпелком», которому принадлежат оператор связи и кинотеатр «Билайн», за демонстрацию нетрадиционных сексуальных отношений. 🔹Российская автоматическая станция «Луна-25», как ожидается, выйдет на окололунную орбиту. 🔹Акционеры Globaltrans обсудят перерегистрацию компании с Кипра в свободную экономическую зону в ОАЭ Abu Dhabi Global Market. 🔹В Москве арбитражный суд рассмотрит иск МТС-банка, требующего взыскать c бельгийского Euroclear Bank, крупного европейского депозитария, около $37,9 млн (более 3,8 млрд руб.). 🔹Статистическое управление Европейского союза опубликует пересмотренные данные об изменении ВВП еврозоны во втором квартале. 🔹В Белоруссии министр обороны КНР Ли Шанфу в ходе визита планирует посетить ряд военных объектов ее вооруженных сил. 🔹Банк России опубликует информационно-аналитические комментарии об инфляции в регионах, а также доклад о доходности негосударственных пенсионных фондов. 🔹В Новороссийске (Краснодарский край) пройдут учения со стрельбами в акватории морского порта в период с 11:00 до 13:00 мск.",https://vk.com/wall-23482909_3229498,vk
2023-08-21 00:30:00,🔷Транспортный грузовой корабль «Прогресс МС-22» отстыкуется от Международной космической станции. 🔷Арбитражный суд Москвы рассмотрит заявление конкурсного управляющего «Открытие Холдинга» и его осн,"🔷Транспортный грузовой корабль «Прогресс МС-22» отстыкуется от Международной космической станции. 🔷Арбитражный суд Москвы рассмотрит заявление конкурсного управляющего «Открытие Холдинга» и его основного кредитора — банка «Траст», требующих взыскать около 12,1 млрд руб. с ЛУКОЙЛ. 🔷В России компании-экспортеры могут начать еженедельно отчитываться перед профильными ведомствами об объемах репатриируемой валютной выручки и ее продажах. Об этом сообщал «Интерфакс» со ссылкой на источники. 🔷В России пункты выдачи заказов Ozon перейдут на единый график работы — 09:00 до 21:00. 🔷В Афинах пройдет рабочий ужин президента Черногории Якова Милатовича с украинским коллегой Владимиром Зеленским, лидерами государств Балканского региона и представителями ЕС. 🔷Председатель КНР Си Цзиньпин прибудет в ЮАР с преддверии саммита БРИКС. 🔷Бывший президент США Дональд Трамп представит доклад о фальсификации итогов президентских выборов в штате Джорджия в 2020 году в ответ на новую серию выдвинутых в его адрес обвинений. 🔷Белоярская АЭС (Свердловская область) планирует вывести четвертый энергоблок (БН-800) в планово-предупредительный ремонт.",https://vk.com/wall-23482909_3236785,vk
2023-08-23 19:24:20,"Финансовый директор Ozon Игорь Герасимов сегодня, 23 августа, объявил о планах компании сменить юрисдикцию с Кипра на Россию. Необходимость смены юрисдикции он объяснил стремлением холдинговой структ","Финансовый директор Ozon Игорь Герасимов сегодня, 23 августа, объявил о планах компании сменить юрисдикцию с Кипра на Россию. Необходимость смены юрисдикции он объяснил стремлением холдинговой структуры быть «как можно ближе» к операционным юрлицам в РФ. «Безусловно, мы хотим на определенном горизонте целиком избавиться от зарубежной юридической обвязки, но каких-то конкретных сроков и деталей анонсировать мы пока не можем»,— сказал Игорь Герасимов в эфире для инвесторов, комментируя результаты работы компании за II квартал. «В данных обстоятельствах, безусловно, логично было бы иметь основную холдинговую структуру как можно ближе к операционным и юридическим лицам и к нашему основному бизнесу в России»,— пояснил финансовый директор Ozon. В марте 2023 года руководство американской биржи Nasdaq предупредили Ozon о принудительном делистинге ее депозитарных акций (ADS). Решение было оставлено в силе несмотря на две апелляции компании. Процедура делистинга еще не проведена. Фото: Ozon",https://vk.com/wall-23482909_3242358,vk
2023-09-06 02:00:00,"Ozon намерен зарегистрировать паттерн из своих фирменных цветов, который уже используется в интерьерах пунктов выдачи заказов, в качестве отдельного товарного знака. В компании рассчитывают так защит","Ozon намерен зарегистрировать паттерн из своих фирменных цветов, который уже используется в интерьерах пунктов выдачи заказов, в качестве отдельного товарного знака. В компании рассчитывают так защитить права на бренд-материалы, которые предоставляют партнерам-владельцам пунктов выдачи заказов. Юристы считают этот шаг движением к оформлению прав на фирменные цвета — ранее подобную попытку безуспешно предпринял Wildberries. При этом они обращают внимание, что маркетплейсу придется доказывать узнаваемость узора во всех видах товаров и услуг, упомянутых в заявке. #Ъузнал",https://vk.com/wall-23482909_3262998,vk
2023-09-06 15:32:26,"Европейский суд общей юрисдикции 6 сентября постановил снять санкции ЕС с бывшего гендиректора интернет-ретейлера Ozon Александра Шульгина, который попал под ограничения 8 апреля 2022 года. Решение в","Европейский суд общей юрисдикции 6 сентября постановил снять санкции ЕС с бывшего гендиректора интернет-ретейлера Ozon Александра Шульгина, который попал под ограничения 8 апреля 2022 года. Решение вступит в силу после истечения срока на апелляцию. Это в первый раз, когда с российского бизнесмена в ЕС снимают санкции по решению суда. Персональные санкции против Николая Шульгина ввели из-за того, что на тот момент он был «ведущим (влиятельным) бизнесменом» и генеральным директором Ozon, а также 24 февраля был на встрече бизнесменов с президентом Владимиром Путиным в Кремле.",https://vk.com/wall-23482909_3264313,vk
2023-09-12 18:17:41,"Евросоюз не будет продлевать санкции, введенные после начала военной операции на Украине, против трех российских бизнесменов — владельца группы компаний ЕСН Григория Березкина, бывшего президента и со","Евросоюз не будет продлевать санкции, введенные после начала военной операции на Украине, против трех российских бизнесменов — владельца группы компаний ЕСН Григория Березкина, бывшего президента и совладельца «Нортгаза» Фархада Ахмедова и бывшего гендиректора интернет-ритейлера Ozon Александра Шульгина, сообщает Reuters со ссылкой на два дипломатических источника. Срок ограничений истекает 15 сентября. О том, что ЕС снимет санкции с господина Шульгина, стало известно 6 сентября. Соответствующее постановление вынес суд Евросоюза.",https://vk.com/wall-23482909_3273597,vk
2023-09-13 15:39:29,"Евросоюз продлил до 15 марта 2024 года индивидуальные санкции против российских граждан и организаций за конфликт на Украине. Вместе с тем, из санкционного списка были исключены четыре россиянина. Их","Евросоюз продлил до 15 марта 2024 года индивидуальные санкции против российских граждан и организаций за конфликт на Украине. Вместе с тем, из санкционного списка были исключены четыре россиянина. Их имена не указаны в публикации Совета ЕС. Deutsche Welle (DW; признана в РФ иностранным агентом) со ссылкой на чиновников в Брюсселе сообщает, что санкции не продлили в отношении главы группы ЕСН Григория Березкина, экс-главы Ozon Александра Шульгина, предпринимателя Фархада Ахмедова, а также полковника ВС РФ Георгия Шуваева, погибшего в ходе военной операции на Украине осенью 2022 года. Сейчас в европейском списке почти 1800 физических и юридических лиц. Ограничительные меры предусматривают запрет на поездки, замораживание активов и запрет на предоставление денежных средств.",https://vk.com/wall-23482909_3275094,vk
2023-09-14 09:34:51,"В официальном журнале Евросоюза опубликованы имена четырех россиян, а отношении которых не были продлены санкции ЕС. В этом списке оказались три бизнесмена: глава группы ЕСН Григорий Березкин, экс-гл","В официальном журнале Евросоюза опубликованы имена четырех россиян, а отношении которых не были продлены санкции ЕС. В этом списке оказались три бизнесмена: глава группы ЕСН Григорий Березкин, экс-глава Ozon Александр Шульгин, совладелец «Нортгаза» Фархад Ахмедов. Также санкции не продлили в отношении полковника ВС РФ, Героя России Георгия Шуваева. Он погиб в октябре прошлого года во время боев в Харьковской области. Вчера, 13 сентября, Евросоюз продлил до 15 марта 2024 года индивидуальные санкции против российских граждан и организаций в связи с конфликтом на Украине. В сообщении ЕС говорилось, что ограничения не продлены в отношении четырех человек. Их имена не раскрывалась. Однако фамилии Березкина, Шульгина и Ахмедова назывались в прессе. Григорий Березкин, Александр Шульгин и Фархад Ахмедов попали в санкционный список ЕС 8 апреля 2022 года. 👉Подробнее: kommersant.ru/doc/6212292?vk",https://vk.com/wall-23482909_3276326,vk
2023-09-14 15:48:35,"Европейский центральный банк (ЕЦБ) поднял базовую ставку на 25 базисных пунктов до 4,5% годовых. Ставку по депозитам — до 4% С 20 сентября ставка по маржинальной кредитной линии будет повышена до 4,75","Европейский центральный банк (ЕЦБ) поднял базовую ставку на 25 базисных пунктов до 4,5% годовых. Ставку по депозитам — до 4% С 20 сентября ставка по маржинальной кредитной линии будет повышена до 4,75%. В сообщении регулятора говорится, что ключевая ставка достигла уровня, который при поддержке «в течение достаточно длительного периода времени внесет существенный вклад в своевременное возвращение инфляции к целевому уровню». Согласно прогнозу ЕЦБ, ВВП еврозоны по итогам 2023-го увеличится на 0,7%, в 2024-м на 1%, в 2025-м — на 1,5%.",https://vk.com/wall-23482909_3276943,vk
2023-09-29 21:14:39,"Прогнозируемая инфляция в еврозоне сократилась с 5,2% в августе до 4,3% в сентябре, сообщает Евростат. Таким образом, она оказалась на минимальном уровне за последние два года. В том числе цены на про","Прогнозируемая инфляция в еврозоне сократилась с 5,2% в августе до 4,3% в сентябре, сообщает Евростат. Таким образом, она оказалась на минимальном уровне за последние два года. В том числе цены на продукты питания, алкоголь и табак выросли на 8,8% (в августе был рост на 9,7%), на услуги — на 4,7% (было 5,5%), промышленные товары — на 4,2% (было 4,7%). Цены на энергоносители упали на 4,7% (в августе было –3,3%). Наибольший рост цен в сентябре зафиксирован в Словакии, Словении, а также Хорватии, которая стала членом зоны евро 1 января 2023 года. Меньше всего выросли цены в Бельгии и Греции, в Нидерландах зафиксирована дефляция.",https://vk.com/wall-23482909_3301908,vk
2023-10-10 12:16:21,"Международный валютный фонд (МВФ) улучшил прогноз роста ВВП России с 1,5% до 2,2%. Об этом говорится в октябрьском обзоре мировой экономики на сайте МВФ. Согласно отчету, прогнозируемый рост российск","Международный валютный фонд (МВФ) улучшил прогноз роста ВВП России с 1,5% до 2,2%. Об этом говорится в октябрьском обзоре мировой экономики на сайте МВФ. Согласно отчету, прогнозируемый рост российской экономики в этом году улучшен на 0,7% с оценки, которую МВФ сделал в июле. На 2024 год прогноз роста снижен с оценки 1,3% в июле до 1,5%. Прогноз роста ВВП мировой экономики на 2023 год МВФ сохранил на уровне 3%, глобальной инфляции — повысил до 6,8% (+0,1%). Ожидается, что рост экономики еврозоны составит 0,7% (-0,2% по сравнению с июльским прогнозом), США — 2,1% (+0,3%), Китая — 5% (-0,2%). Цена нефти в 2023 году, по октябрьскому прогнозу МВФ, составит $80,5 за баррель (-16,5%), в 2024 году — $79,92 за баррель (-0,7%).",https://vk.com/wall-23482909_3316270,vk
2023-10-20 21:35:12,◾️ Министр обороны Израиля выделил три этапа войны с «Хамасом». Подробнее: kommersant.ru/doc/6294955?vk ◾️ 19 октября умерла трехкратная олимпийская чемпионка по биатлону и лыжным гонкам Анфиса Резцо,"◾️ Министр обороны Израиля выделил три этапа войны с «Хамасом». Подробнее: kommersant.ru/doc/6294955?vk ◾️ 19 октября умерла трехкратная олимпийская чемпионка по биатлону и лыжным гонкам Анфиса Резцова. Подробнее: kommersant.ru/doc/6295057?vk ◾️ Джо Байден запросил у Конгресса США $61,3 млрд для помощи Украине. Подробнее: kommersant.ru/doc/6295051?vk ◾️ Правительство России не планирует запрещать экспорт керосина в ближайшее время. Подробнее: kommersant.ru/doc/6295072?vk ◾️ Ozon приступил к добровольному делистингу с биржи NASDAQ. Подробнее: kommersant.ru/doc/6294745?vk ◾️ Подозреваемый в двойном убийстве пасынок Стаса Намина заключен под стражу. Подробнее: kommersant.ru/doc/6295064?vk #главноеквечеру",https://vk.com/wall-23482909_3332534,vk
2023-10-31 00:20:01,🔷Госдума соберется на пленарное заседание. 🔷В Москве планируется встреча патриарха Московского и всея Руси Кирилла и католикоса-патриарха Ассирийской церкви Востока Мар Ава III. 🔷Авиакомпания Re,"🔷Госдума соберется на пленарное заседание. 🔷В Москве планируется встреча патриарха Московского и всея Руси Кирилла и католикоса-патриарха Ассирийской церкви Востока Мар Ава III. 🔷Авиакомпания Red Wings возобновит рейсы в Махачкалу и обратно, за исключением полетов из Тель-Авива. 🔷В Электростальском городском суде Московской области пройдет отбор присяжных заседателей по уголовному делу в отношении журналистки Оксаны Гончаровой, обвиняемой в убийстве отца ее несовершеннолетних детей. 🔷В Солнечногорском городском суде Московской области планируется рассмотрение дела певицы Аллы Пугачевой и ее дочери Кристины Орбакайте. В суд с исковым требованием снести некое сооружение обратился предприниматель из Саратова Анатолий Рыськов. 🔷Федеральный комитет по открытым рынкам ФРС США проведет двухдневное заседание, на котором обсудит состояние экономики и примет решение о размере базовой ставки. 🔷Статистическое управление ЕС опубликует предварительные данные об изменении ВВП еврозоны в третьем квартале. 🔷Банк Японии объявит ориентир денежной базы на ближайшее время.",https://vk.com/wall-23482909_3346034,vk
2023-11-01 05:02:01,"Инфляция в зоне евро в годовом выражении замедлилась до 2,9% в октябре после 4,3% в сентябре, следует из данных Евростата. Это минимум с июля 2021 года, и такой показатель во многом объясняет недавнее","Инфляция в зоне евро в годовом выражении замедлилась до 2,9% в октябре после 4,3% в сентябре, следует из данных Евростата. Это минимум с июля 2021 года, и такой показатель во многом объясняет недавнее решение Европейского центрального банка (ЕЦБ) о сохранении основных процентных ставок на сентябрьском уровне. Долгосрочные эффекты жесткой денежно-кредитной политики регулятора отразились в динамике ВВП еврозоны: после двух кварталов сдержанного роста в третьем показатель снизился — на 0,1%.",https://vk.com/wall-23482909_3348523,vk
2023-11-10 19:45:00,"🛒Крупная ежегодная распродажа, называемая «черной пятницей», пройдет в России с 23 по 26 ноября. В этот период потребителям предложат «самые высокие скидки» на товары. Обычай устраивать осенние распр","🛒Крупная ежегодная распродажа, называемая «черной пятницей», пройдет в России с 23 по 26 ноября. В этот период потребителям предложат «самые высокие скидки» на товары. Обычай устраивать осенние распродажи после Дня благодарения зародился в США в XIX веке. Изначально его отмечали в последний четверг ноября, но из-за этого период праздничных распродаж мог стать короче на неделю, что приносило бизнесу убытки. В 1941 году президент США Франклин Рузвельт официально установил дату Дня благодарения как четвертый четверг ноября. Сам термин «черная пятница» появился в 1960-х в полицейском жаргоне Филадельфии и описывал трудную ситуацию на дорогах и толпы людей в магазинах в период ноябрьской распродажи. Словосочетание медленно входило в оборот, а с 1980-х стало использоваться повсеместно. Первая «черная пятница» в России прошла в 2013 году, в ней приняли участие около 80 компаний, в том числе Ozon, «Детский мир», «Эльдорадо», Wikimart, Lamoda, Otto и другие. Несмотря на жалобы пользователей на то, что сайт акции работал с большими перебоями, а ряд предложений не соответствовал заявленным скидкам, ритейлеры признали эксперимент успешным.",https://vk.com/wall-23482909_3362809,vk
2023-12-14 18:36:01,"Европейский центральный банк принял решение сохранить все три ключевые процентные ставки на прежнем уровне. Базовая ставка по кредитам составляет 4,5%, по маржинальным кредитам — 4,75%, по депозитам","Европейский центральный банк принял решение сохранить все три ключевые процентные ставки на прежнем уровне. Базовая ставка по кредитам составляет 4,5%, по маржинальным кредитам — 4,75%, по депозитам — 4%, напомнила пресс-служба ЕЦБ. Регулятор отметил, что, несмотря на снижение инфляции в еврозоне, в ближайшей перспективе она снова повысится. ЕЦБ ожидает, что в 2023 году инфляция составит в среднем 5,4%, в 2024 — 2,7%, в 2025 — 2,1%, в 2026 — 1,9%. Целевой среднесрочный уровень инфляции для регулятора — 2%. В ЕЦБ считают, что темпы роста экономики ЕС вырастут с 0,6% в 2023 году до 0,8 % в 2024 году и до 1,5 % в 2025-м и 2026 годах. ЕЦБ не меняет процентные ставки с сентября. При этом с июля 2022 года регулятор повышал ставки на десяти заседаниях подряд. Долгосрочные эффекты жесткой денежно-кредитной политики регулятора отразились в динамике ВВП еврозоны: после двух кварталов сдержанного роста в третьем показатель снизился — на 0,1%.",https://vk.com/wall-23482909_3413460,vk
2023-12-18 11:26:54,"Wildberries, Ozon, «Яндекс», Avito и «СберМаркет» создают Ассоциацию цифровых платформ, сообщили РБК представители участников этого объединения. Как уточнил один из них, уставные документы новой орга","Wildberries, Ozon, «Яндекс», Avito и «СберМаркет» создают Ассоциацию цифровых платформ, сообщили РБК представители участников этого объединения. Как уточнил один из них, уставные документы новой организации уже отправлены на регистрацию в Минюст. Компании надеются, что ассоциация будет зарегистрирована до конца нынешнего года. Один из собеседников издания уточнил, что председателем Ассоциации цифровых платформ может стать Андрей Шаронов, глава Национального ESG альянса. Предполагается, что гендиректором назначат Юрия Богдановского, исполнительного директора экспертных советов при Российском союзе промышленников и предпринимателей, Торгово-промышленной палате, «Деловой России». Господин Шаронов подтвердил РБК информацию о создании новой ассоциации. Он назвал ее целью развитие цифровых платформ, «платформенной экономики, с особенным вниманием к регулированию платформенной занятости и налогообложению». «Компании, учредившие ассоциацию, очень заинтересованы в продвижении идей устойчивого развития (и в вопросах упаковки и снижения транспортных издержек, и в вопросах занятости и вознаграждения и др.)»,— заверил он.",https://vk.com/wall-23482909_3417799,vk
2024-01-09 04:31:01,"Опережающие индикаторы состояния европейской экономики указывают на то, что по итогам четвертого квартала 2023 года, как и по итогам третьего, зону евро ждет снижение ВВП. Продолжающийся спад делово","Опережающие индикаторы состояния европейской экономики указывают на то, что по итогам четвертого квартала 2023 года, как и по итогам третьего, зону евро ждет снижение ВВП. Продолжающийся спад деловой активности отражен в индексе PMI, значение которого в декабре находится заметно ниже пороговой отметки в 50 пунктов. Впрочем, некоторое оживление в еврозоне, по всей видимости, намечается: на это указывают выросшие за последний месяц значения индексов деловых настроений в Европе. При этом многого от европейской экономики в ближайшие кварталы ни ЕЦБ, ни аналитики не ждут: хотя цикл повышения ставок завершен, смягчения денежно-кредитной политики за ним пока не последует.",https://vk.com/wall-23482909_3450742,vk
2024-01-09 18:56:02,"📈Всемирный банк (ВБ) представил обновленный прогноз по росту ВВП России. 🇷🇺Из материалов организации следует, что в 2024 году российская экономика вырастет на 1,3%, а не на 1,2%, как указывалось в ию","📈Всемирный банк (ВБ) представил обновленный прогноз по росту ВВП России. 🇷🇺Из материалов организации следует, что в 2024 году российская экономика вырастет на 1,3%, а не на 1,2%, как указывалось в июньском прогнозе ВБ. Прогноз роста экономики России на 2025 год также повышен на 0,1 п. п. по сравнению с предыдущей оценкой, до 0,9%. В 2023 году российская экономика, по оценке Всемирного банка, выросла на 2,6%. 🇺🇦Прогноз по развитию экономики Украины остается сильно неопределенным, отмечается в докладе ВБ. Это объясняется тем, что военный конфликт, вероятнее всего, продлится до конца 2024 года. Рост ВВП Украины, по оценке экономистов, в 2024 году составит 3,2%. В 2025 году Всемирный банк ожидает роста украинской экономики на 6,5%. За 2023 год украинская экономика выросла на 4,8%. 🇪🇺Прогноз по росту экономики еврозоны в 2024 году Всемирный банк снизил с 1,3% до 0,7% и с 2,3% до 1,6% в 2025 году. В 2023 году рост европейской экономики, по оценке экономистов, составил всего 0,4%. 🇺🇸Рост экономики США в 2024 году составит 1,6% (против 0,8% в июньском докладе), в 2025-м — 1,7% (против 2,3%). 🇨🇳Рост экономики Китая, по оценке Всемирного банка, в текущем году составит 4,5% (против 4,6%), в 2025 году — 4,3% (против 4,4%). 🌍ВБ считает, что в первой половине нынешнего десятилетия мировая экономика может продемонстрировать самый слабый рост за последние 30 лет. Согласно обновленному прогнозу, мировой ВВП в 2024 году вырастет на 2,4% Фото: Wikimedia",https://vk.com/wall-23482909_3452180,vk
2024-01-17 09:30:00,"🇨🇾Крупные российские компании массово покидают кипрскую юрисдикцию, говорится в статье крупной кипрской газеты «Филелефтерос». Фирмы переводятся в специальные административные районы России с особым","🇨🇾Крупные российские компании массово покидают кипрскую юрисдикцию, говорится в статье крупной кипрской газеты «Филелефтерос». Фирмы переводятся в специальные административные районы России с особым налоговым режимом или в соседние страны, такие как Казахстан. Как пишет газета, двузначное число компаний «с огромным объемом работы в своем секторе» в последние месяцы заявили о желании уйти из кипрской юрисдикции. По данным издания, так поступят «и другие субъекты хозяйствования в ближайшем будущем». Газета объясняет это политикой новых кипрских властей, которые противодействуют обходу антироссийских санкций. В качестве примера кипрское СМИ приводит уход или планы по уходу TCS Group (головная компания Тинькофф-банка), девелопера Etalon Group, ритейлера Fix Price, United Medical Group (холдинговая компания «Европейского медицинского центра»), «Трансмашхолдинга», Globaltrans и маркетплейса Ozon. Фото: Wiikimedia",https://vk.com/wall-23482909_3465297,vk
2024-01-22 15:57:32,Новый распределительный центр Wildberries в Санкт-Петербурге планируется открыть в течение двух-трех недель. Об этом в интервью телеканалу «Россия 24» заявил замглавы Минпромторга РФ Виктор Евтухов. П,"Новый распределительный центр Wildberries в Санкт-Петербурге планируется открыть в течение двух-трех недель. Об этом в интервью телеканалу «Россия 24» заявил замглавы Минпромторга РФ Виктор Евтухов. По его словам, склад в Шушарах не прошел все необходимые процедуры приемки. «То, что мы знаем про этот центр Wildberries — странно, что он работал, но еще, как я понимаю, не был принят и не прошел все необходимые процедуры. ...Я думаю, что по этому поводу будут еще отдельные разбирательства»,— цитирует его ТАСС. По словам господина Евтухова, компания Wildberries уже выплатила компенсацию более 50%, или около 160 тыс. предпринимателей. Сейчас продолжается работа с покупателями, заказы которых были утрачены из-за пожара. Склад загорелся 13 января. В Госстройнадзоре после пожара заявили, что склад Wildberries в Санкт-Петербурге работал незаконно, у него не было заявки на ввод в эксплуатацию. В пресс-службе компании опровергли это и сказали, что склад получил заключение о соответствии (ЗОС) градостроительным регламентам и требованиям безопасности. Напомним, ранее стало известно, что организация по защите прав потребителей «Общественная потребительская инициатива» обратилась в МЧС РФ с просьбой провести комплексные внеплановые проверки всех складов Wildberries и Ozon по всей стране.",https://vk.com/wall-23482909_3474599,vk
2024-01-24 00:20:00,"🔹 Президент Владимир Путин проведет переговоры с президентом переходного периода Республики Чад Махаматом Идрисом Деби, который посетит Россию с официальным визитом. 🔹 В Москве на международной выс","🔹 Президент Владимир Путин проведет переговоры с президентом переходного периода Республики Чад Махаматом Идрисом Деби, который посетит Россию с официальным визитом. 🔹 В Москве на международной выставке-форуме «Россия» пройдет День Дальнего Востока и Арктики. Запланировано выступление заместителя председателя правительства—полномочного представителя президента в ДФО Юрия Трутнева на пленарной сессии. 🔹В Москве состоится встреча с доверенными лицами кандидата в президенты от ЛДПР Леонида Слуцкого. 🔹 С 24 января размер пошлины на экспорт пшеницы и меслина (смесь пшеницы и ржи) из РФ понижается до 3588,5 руб. против 3946,5 руб. за тонну неделей ранее. 🔹 24 января акционеры Ozon переизберут трех членов совета директоров 🔹 24 и 25 января в Астане пройдут переговоры по Сирии в рамках «астанинского процесса». 🔹 В Страсбурге состоится пленарное заседание комитета ПАСЕ по выборам судей Европейского суда по правам человека. 🔹 В США состоится очередное судебное заседание по делу писательницы Элизабет Джин Кэрролл, обвинившей экс-президента США Дональда Трампа в изнасиловании и клевете. 🔹В Турции состоится товарищеский матч футбольного клуба «Крылья Советов» (Россия) и клуба «Вождовац» (Сербия).",https://vk.com/wall-23482909_3476901,vk
2024-01-24 15:17:12,"Федеральная антимонопольная служба (ФАС) установила коллективное доминирующее положение Wildberries и Оzon среди маркетплейсов. Две компании занимают 80% рынка, заявил глава ведомства Максим Шаскольс","Федеральная антимонопольная служба (ФАС) установила коллективное доминирующее положение Wildberries и Оzon среди маркетплейсов. Две компании занимают 80% рынка, заявил глава ведомства Максим Шаскольский. Он уточнил, что в условиях моратория на проверки IT-компаний ФАС рассчитывает, что компании добровольно устранят нарушения. Господин Шаскольский поднял эту тему на встрече с представителями Ассоциации «НП ""ОКЮР""», маркетплейсов и правообладателей. Он уточнил, что ФАС в декабре 2023 года закончила анализ состояния конкуренции на рынке. «Естественно, установили коллективное доминирующее положение Wildberries и Ozon — вместе они занимают около 80% рынка. Да, сейчас действует 448 постановление (о моратории на проверки IT-компаний.— ""Ъ""), и мы для исключения в дальнейшем негативных последствий проводим с компаниями работу по добровольному устранению нарушений»,— сказал он (цитата по «Интерфаксу»). Как утверждает Максим Шаскольский, ФАС постоянно получает «достаточно много жалоб» на работу маркетплейсов от потребителей, а также от малого и среднего бизнеса. «Чаще всего жалуются на завышение логистических затрат, навязывание невыгодных условий, начисление штрафов»,— перечислил глава регулятора. В июне 2022 года, как сообщал «Ъ», продавцы маркетплейсов просили ФАС проверить разработанный интернет-площадками механизм проведения распродаж. Торговцы жаловались, что в таких акциях участвуют вынужденно, что приводит к сокращению их маржинальности. За отказ продавцов онлайн-ритейлеры имеют право увеличивать комиссию за работу на площадке. По данным экспертов на конец 2023 года, бум увеличения числа продавцов крупных маркетплейсов стал проходить.",https://vk.com/wall-23482909_3478041,vk
2024-01-30 00:20:00,🔷Международный валютный фонд опубликует обновленный прогноз мировой экономики (World Economic Outlook). 🔷В Вашингтоне состоится встреча генсека НАТО Йенса Столтенберга с лидерами демократов и респу,"🔷Международный валютный фонд опубликует обновленный прогноз мировой экономики (World Economic Outlook). 🔷В Вашингтоне состоится встреча генсека НАТО Йенса Столтенберга с лидерами демократов и республиканцев в Конгрессе США. 🔷Москву посетит с визитом президент Абхазии Аслан Бжания. 🔷В Ашхабаде пройдет II Российско-туркменский бизнес-форум. 🔷В Нью-Йорке (США) пройдет заседание в Совете Безопасности ООН, посвященное положению на Ближнем Востоке. 🔷В Сингапуре пройдет встреча министров цифровых технологий стран АСЕАН. 🔷Статистическое управление Европейского союза опубликует предварительные данные об изменении ВВП еврозоны в четвертом квартале. 🔷В Москве в Доме приемов МИДа пройдут переговоры министра иностранных дел РФ Сергея Лаврова с министром иностранных дел Республики Гамбия. 🔷30 января арбитражный суд Липецкой области рассмотрит заявление ПАО «Новолипецкий металлургический комбинат» о признании незаконным постановления Федеральной антимонопольной службы РФ о нарушении компанией антимонопольного законодательства на рынке металлопроката. 🔷С 30 января по 1 февраля в Москве пройдет первая в год российского председательства встреча шерп и су-шерп стран БРИКС. 🔷Центральный окружной военный суд Екатеринбурга приступит к рассмотрению уголовного дела об организации террористического сообщества в отношении башкирского парламентария Дмитрия Чувилина (включен в федеральный перечень террористов и экстремистов).",https://vk.com/wall-23482909_3486989,vk
2024-02-02 13:25:00,"📚На вопрос «Ъ» о судьбе книг Людмилы Улицкой в «Литресе» ответили, что произведения писательницы по-прежнему представлены в сервисе «с указанием всех необходимых возрастных маркировок». На вопрос о то","📚На вопрос «Ъ» о судьбе книг Людмилы Улицкой в «Литресе» ответили, что произведения писательницы по-прежнему представлены в сервисе «с указанием всех необходимых возрастных маркировок». На вопрос о том, будут ли убирать произведения, как это произошло с книгами господ Быкова и Акунина, в сервисе отвечать отказались. В магазинах «Читай-город–Буквоед» и «Книжный лабиринт» «Ъ» заявили, что «пока никаких указаний на счет Улицкой не поступало». «Если издатель, выступающий нашим поставщиком, примет решение снять с продажи книги этого автора на площадке, то мы проинформируем и порекомендуем это сделать дистрибуторам»,— рассказали «Ъ» в Wildberries. В «Букмейте» не ответили на запрос. В Ozon и книжном сервисе «Строки» (принадлежит МТС) от комментариев отказались. 1 февраля в АСТ рассказали «[club29842055|Коммерсантъ FM] », что издательство прекратило выплаты гонораров Людмиле Улицкой «в связи с заявлением автора о переводе авторских отчислений на Украину». Это случилось после звонка пранкеров Вована и Лексуса, запись которого была опубликована 31 января в их Telegram-канале. Пранкер позвонил Улицкой от имени главы офиса президента Украины Андрея Ермака. Также на следующий день после публикации разговора книги Улицкой перестали выдавать в столичных библиотеках. «Все, нет больше этих книг»,— сказал сотрудник одной из них «Ъ». Подробнее — в материале «Ъ» «Гонорар заблокировали авансом». 🔗 kommersant.ru/doc/6481068?vk",https://vk.com/wall-23482909_3495339,vk
2024-02-14 00:20:00,"🔹 Президент России Владимир Путин, как ожидается, примет участие в Форуме будущих технологий. 🔹 В Екатеринбурге пройдет уральский форум «Кибербезопасность в финансах». Участвуют член комитета Совет","🔹 Президент России Владимир Путин, как ожидается, примет участие в Форуме будущих технологий. 🔹 В Екатеринбурге пройдет уральский форум «Кибербезопасность в финансах». Участвуют член комитета Совета федерации по конституционному законодательству и государственному строительству Артем Шейкин, председатель комитета Госдумы по финансовому рынку Анатолий Аксаков, председатель Банка России Эльвира Набиуллина и другие. 🔹 В Москве состоится заседание Центральной избирательной комиссии РФ. На нем рассмотрят вопросы о доверенных лицах и финансовых уполномоченных кандидатов в президенты Николая Харитонова и Леонида Слуцкого. Кроме того, в Москве начнется обучение наблюдателей на выборах президента России, организованное Общественным штабом по наблюдению за выборами. 🔹 Глава Татарстана Рустам Минниханов посетит Иран в сопровождении делегации из «50 высокопоставленных чиновников и представителей деловых кругов региона». 🔹 В Амстердаме суд вынесет приговор футболисту московского «Спартака» Квинси Промесу по делу о контрабанде кокаина. 🔹 Будет опубликован обзор ЦБ РФ. 🔹 В Москве Басманный суд рассмотрит ходатайство следствия о продлении срока ареста лидеру «Левого фронта» Сергею Удальцову по делу об оправдании терроризма. 🔹 В Санкт-Петербурге арбитражный суд Санкт-Петербурга и Ленинградской области рассмотрит иск судостроительного завода «Северная верфь» о взыскании около €3,8 млн излишне уплаченного аванса с финской машиностроительной компании Wartsila Solutions. 🔹 Статистическое управление Европейского союза опубликует пересмотренные данные об изменении ВВП еврозоны в четвертом квартале. 🔹 В Вашингтоне шеф Пентагона Ллойд Остин даст показания перед комитетом по вооруженным силам Палаты представителей США. 🔹 Пройдет пресс-конференция генерального секретаря НАТО Йенса Столтенберга перед запланированным на 15 февраля заседанием министров обороны стран—членов альянса. 🔹 Итало-российская торговая палата намерена запустить систему, которая позволит российским компаниям покупать за рубли итальянские товары, разрешенные для ввоза в Россию. 🔹 В Приморском крае на российско-китайской границе пункты пропуска возобновят работу в обычном режиме в связи с окончанием празднования китайского Нового года. 🔹 Завершится срок, который власти Латвии дали владельцам зарегистрированного в России транспортного средства на перерегистрацию машин. Использование машин с российскими номерами в дорожном движении на территории Латвии будет разрешено только в случае транзитного проезда через латвийскую территорию. 🔹 Водители американских сервисов заказа такси и доставки Uber Technologies, Lyft Inc. и DoorDash проведут забастовки в день святого Валентина из-за недовольства оплатой и другими условиями труда.",https://vk.com/wall-23482909_3515553,vk
2024-02-15 19:04:10,"Президент России Владимир Путин подписал распоряжение, которое разрешает сделки с контролируемыми иностранцами акциями группы «Ренессанс страхование» и Оzon. Для совершения операций не требуется получ","Президент России Владимир Путин подписал распоряжение, которое разрешает сделки с контролируемыми иностранцами акциями группы «Ренессанс страхование» и Оzon. Для совершения операций не требуется получение других разрешений. «Разрешить совершение сделок (операций), влекущих за собой прямо и (или) косвенно установление, изменение, прекращение или обременение прав владения, пользования и (или) распоряжения акциями публичного акционерного общества ""Группа Ренессанс страхование"" и ""Озон холдингс пиэлси"" (Ozon Holdings Plc)»,— говорится в документе. Владимир Путин летом 2022 года запретил сделки с акциями и долями российских стратегических компаний для инвесторов из недружественных стран. Решение было введено указом «О применении специальных экономических мер в финансовой и топливно-энергетической сферах». В документе оговаривается, что сделки могут совершаться на основании специального решения президента. Маркетплейс Ozon летом 2023 года заявил о планах сменить юрисдикцию с Кипра на Россию. Решение объяснялось стремлением холдинговой структуры быть «как можно ближе» к операционным юрлицам в РФ.",https://vk.com/wall-23482909_3518716,vk
2024-02-15 22:01:41,"◾️ Количество погибших в результате ракетного удара вооруженных сил Украины по центру Белгорода выросло до семи, число пострадавших — до 18. Подробнее: kommersant.ru/doc/6510924?vk ◾️ Законопроект о","◾️ Количество погибших в результате ракетного удара вооруженных сил Украины по центру Белгорода выросло до семи, число пострадавших — до 18. Подробнее: kommersant.ru/doc/6510924?vk ◾️ Законопроект о запрете рекламы на ресурсах иноагентов внесен в Госдуму. Подробнее: kommersant.ru/doc/6510857?vk ◾️ Владимир Путин пообещал «много работы» для ОПК в ближайшие 5–10 лет. Подробнее: kommersant.ru/doc/6510907?vk ◾️ Генеральный секретарь НАТО Йенс Столтенберг сообщил, что приглашение Украины в альянс последует после согласия всех союзников. Подробнее: kommersant.ru/doc/6510871?vk ◾️ «Кристалл» завершит прием заявок на IPO 21 февраля. Подробнее: kommersant.ru/doc/6510896?vk ◾️ Владимир Путин разрешил сделки с акциями иностранных инвесторов Ozon. Подробнее: kommersant.ru/doc/6510858?vk ◾️ Верховный суд отклонил два иска выдвигавшегося в президенты от партии «Гражданская инициатива» Бориса Надеждина. Подробнее: kommersant.ru/doc/6510789?vk ◾️ Суд в Москве заочно арестовал двух адвокатов Алексея Навального. Подробнее: kommersant.ru/doc/6510926?vk #главноеквечеру",https://vk.com/wall-23482909_3519055,vk
2024-02-22 21:00:03,Данные о деловой активности в зоне евро в феврале фиксируют ее восстановление в секторе услуг: соответствующий индекс достиг пороговой отметки в 50 пунктов впервые за последние полгода. Оживление в,"Данные о деловой активности в зоне евро в феврале фиксируют ее восстановление в секторе услуг: соответствующий индекс достиг пороговой отметки в 50 пунктов впервые за последние полгода. Оживление в секторе поддерживается не только оптимистичными ожиданиями начала года, но и активным наймом сотрудников. В производственной сфере еврозоны динамика остается обратной. Сотрудники, потерявшие рабочие места из-за цифровизации производств и последствий энергоперехода, зачастую не стремятся переучиваться и повышать квалификацию и уходят в растущий сектор услуг.",https://vk.com/wall-23482909_3534503,vk
2024-03-04 12:08:31,"Индекс Мосбиржи обновил двухлетний максимум, достигнув 3287,4 пунктов впервые с февраля 2022 года. Индекс голубых фишек растет до 20,7 тыс., следует из данных площадки. В росте лидируют акции «Яндекса","Индекс Мосбиржи обновил двухлетний максимум, достигнув 3287,4 пунктов впервые с февраля 2022 года. Индекс голубых фишек растет до 20,7 тыс., следует из данных площадки. В росте лидируют акции «Яндекса», OZON и «Мечел». По данным на 12:00 индекс Мосбиржи составляет 3 289,27. К закрытию прошлой сессии индекс прибавил 0,69%. Акции «Яндекса» прибавили 3,51% — до 3 663,8, OZON — 2,58%, до 3 354,5, «Мечел» — 2,35%, до 285,51.",https://vk.com/wall-23482909_3548884,vk
2024-03-05 03:28:01,"Эксперт ВОЗ Любовь Ерофеева обнаружила, что на российских маркетплейсах свободно продается незарегистрированный в РФ противозачаточный препарат, содержащий высокие дозы синтетического женского половог","Эксперт ВОЗ Любовь Ерофеева обнаружила, что на российских маркетплейсах свободно продается незарегистрированный в РФ противозачаточный препарат, содержащий высокие дозы синтетического женского полового гормона левоноргестрела. При этом в описании утверждалось, что речь идет о средстве китайской народной медицины с «натуральными составляющими». Продавцы советовали принимать таблетки раз в месяц в течение трех-пяти лет — а опрошенные «Ъ» гинекологи предупредили, что это «очень опасно для женского здоровья». Росздравнадзор после запроса «Ъ» потребовал удалить страницы товара на Ozon и Wildberries, но на мелких региональных ресурсах он все еще доступен. Эксперты считают, что интернет-площадки не заинтересованы в реализации опасных препаратов, однако недобросовестным продавцам удается обходить алгоритмы маркетплейсов.",https://vk.com/wall-23482909_3549880,vk
2024-03-06 00:00:01,"Аккредитованные IT-компании могут вывести из-под принятого в 2022 году моратория на антимонопольный контроль, объявила ФАС. В Минцифры уточнили, что отмена коснется не всех участников рынка. В первую","Аккредитованные IT-компании могут вывести из-под принятого в 2022 году моратория на антимонопольный контроль, объявила ФАС. В Минцифры уточнили, что отмена коснется не всех участников рынка. В первую очередь речь может идти о маркетплейсах и агрегаторах: «Яндекс.Такси», Wildberries и Ozon. В самих сервисах заверили, что отмена моратория не окажет негативного влияния на их работу. Но при этом подчеркнули, что жесткое регулирование может создать проблемы для e-commerce.",https://vk.com/wall-23482909_3550928,vk
2024-03-26 02:40:02,"Крупные маркетплейсы собираются развивать страховое направление бизнеса. «Озон» планирует запустить собственную страховую компанию во второй половине этого года, Wildberries также рассматривает возмо","Крупные маркетплейсы собираются развивать страховое направление бизнеса. «Озон» планирует запустить собственную страховую компанию во второй половине этого года, Wildberries также рассматривает возможность выйти на этот рынок. Эксперты считают, что это позволит нарастить прибыль от финансовых сервисов. Также они отмечают, что купить страховую компанию с лицензией может быть выгоднее, чем создавать ее с нуля. В ряде случаев эффективным будет путь партнерства с действующими компаниями по модели White label. #Ъузнал",https://vk.com/wall-23482909_3579264,vk
2024-03-26 07:20:00,"🔶Губернатор Белгородской области Вячеслав Гладков сообщил, что на подлете к Белгороду было сбито 13 воздушных целей. В результате атаки на регион пострадали два человека в поселке Дубовое, они госпита","🔶Губернатор Белгородской области Вячеслав Гладков сообщил, что на подлете к Белгороду было сбито 13 воздушных целей. В результате атаки на регион пострадали два человека в поселке Дубовое, они госпитализированы. Подробнее: kommersant.ru/doc/6594263?vk 🔶Посольство Белоруссии в Москве сообщило, что в обновленном списке погибших при теракте в «Крокус Сити Холле» 22 марта числится еще один белорус. Подробнее: kommersant.ru/doc/6594187?vk 🔶Житель Санкт-Петербурга Николай Конашенок задержан в аэропорту Пулково, сообщила «Фонтанка». По данным издания, он собирался лететь в Армению через Москву. Ранее Николай Конашенок написал в соцсетях несколько постов о теракте в «Крокус Сити Холле». Подробнее: kommersant.ru/doc/6594201?vk 🔶Пресс-секретарь президента Дмитрий Песков дал интервью газете «Аргументы и факты». В ответ на вопрос о демографической ситуации в стране господин Песков назвал демографию «ахиллесовой пятой» России. Подробнее: kommersant.ru/doc/6594211?vk 🔶В F.A.C.C.T (ранее Group-IB в России) рассказали «Ъ», что наблюдают в сети (в частности, в Telegram и во «ВКонтакте») «злонамеренную активность», связанную с терактом 22 марта. В частности, обнаружены созданные 23 марта «фейковые группы и каналы», посвященные сбору средств помощи жертвам. Подробнее: kommersant.ru/doc/6593998?vk 🔶Палестинское движение «Хамас» проинформировало посредников переговоров, что будет придерживаться изначального требования о полном прекращении огня в секторе Газа, включающего вывод израильских военных из региона. Подробнее: kommersant.ru/doc/6594255?vk 🔶Российская теннисистка Екатерина Александрова обыграла первую ракетку мира Игу Свёнтек в матче турнира Miami Open, организованного Women's Tennis Association. Встреча завершилась со счетом 6:4, 6:2. Подробнее: kommersant.ru/doc/6594270?vk 🔶Глава Федерации футбола Франции Филипп Диалло сообщил, что футболисты сборных Франции и Чили перед началом товарищеского матча поучаствуют в церемонии памяти о погибших при теракте в «Крокус Сити Холле». Подробнее: kommersant.ru/doc/6594256?vk 🔶В России запущен аналог американской шахматной платформы Chess .com — myChess. В настоящий момент на сайте платформы указано, что на ней зарегистрировано 633 пользователя. Подробнее: kommersant.ru/doc/6594260?vk 🔶Крупные маркетплейсы собираются развивать страховое направление бизнеса. «Озон» планирует запустить собственную страховую компанию во второй половине этого года, Wildberries также рассматривает возможность выйти на этот рынок. Подробнее: kommersant.ru/doc/6594028?vk #главноекутру",https://vk.com/wall-23482909_3579427,vk
2024-04-04 04:34:00,"Темпы роста цен в еврозоне в марте, по данным Евростата, замедлились до 2,4% — сильнее, чем предсказывали аналитики. Сохранение такой динамики на фоне слабого роста экономики позволит Европейскому цен","Темпы роста цен в еврозоне в марте, по данным Евростата, замедлились до 2,4% — сильнее, чем предсказывали аналитики. Сохранение такой динамики на фоне слабого роста экономики позволит Европейскому центральному банку (ЕЦБ) раньше американского регулятора начать смягчение монетарной политики. Первое снижение ставки, как ожидается, может произойти в июне — на ближайшем же заседании в апреле банк еще не будет обладать достаточными данными для оценки ситуации, предупреждала глава ЕЦБ Кристин Лагард.",https://vk.com/wall-23482909_3590078,vk
2024-04-09 20:46:03,"Британский физик-теоретик, лауреат Нобелевской премии и профессор Эдинбургского университета Питер Хиггс умер на 95-м году жизни. Профессор Хиггс умер 8 апреля у себя дома после непродолжительной боле","Британский физик-теоретик, лауреат Нобелевской премии и профессор Эдинбургского университета Питер Хиггс умер на 95-м году жизни. Профессор Хиггс умер 8 апреля у себя дома после непродолжительной болезни. О его смерти сообщила пресс-служба Эдинбургского университета. «Питер Хиггс был выдающейся личностью, по-настоящему одаренным ученым, чье видение и воображение обогатили наши знания об окружающем мире. Его новаторская работа вдохновила тысячи ученых, а его наследие будет продолжать вдохновлять еще многих людей в будущих поколениях»,— сказал директор и вице-канцлер университета сэр Питер Мэтисон (цитата по сайту университета). Питер Хиггс прославился изобретением в 1960-х годах «метода Хиггса», который объясняет происхождение массы элементарных частиц и, в частности, масс векторных W- и Z-бозонов. Работа профессора Хиггса предсказала существование новой частицы, которая была названа его именем — бозон Хиггса. Существование бозона удалось подтвердить только в 2012 году, благодаря исследованиям на Большом адронном коллайдере. В том же году в Эдинбургском университете открыли в честь профессора Хиггсовский центр теоретической физики. Фото: Sean Dempsey / PA / AP",https://vk.com/wall-23482909_3597414,vk
2024-04-18 07:40:01,"Средства противовоздушной обороны РФ пресекли попытки атаки Украины с применением ракет «Точка-У», реактивной системы залпового огня RM-70 Vampire, беспилотников и малоразмерных воздушных шаров, сообщ","Средства противовоздушной обороны РФ пресекли попытки атаки Украины с применением ракет «Точка-У», реактивной системы залпового огня RM-70 Vampire, беспилотников и малоразмерных воздушных шаров, сообщило Минобороны РФ. Они были сбиты и перехвачены над Белгородской, Ростовской и Воронежской областями. Региональные власти сообщили об уничтожении метеозондов. 🔹В Белгородской области было уничтожено две оперативно-тактические ракеты «Точка-У», 19 реактивных снарядов RM-70 Vampire, 16 БПЛА и два малоразмерных воздушных шара, говорится в сообщении Минобороны в Telegram. В Белгороде и Белгородском районе ночью действовал сигнал воздушной тревоги. Губернатор Вячеслав Гладков сообщал, что была сбита 21 воздушная цель на подлете к городу. По предварительной информации, один человек пострадал, один дом поврежден. 🔹Над Ростовской областью уничтожены три беспилотника самолетного типа, говорится в сообщении Минобороны. Губернатор Василий Голубев сообщал, что БПЛА были сбиты в районе Каменска-Шахтинского примерно в 2:00. 🔹В Воронежской области перехвачен один БПЛА, уничтожены три малоразмерных воздушных шара. Губернатор Александр Гусев, накануне, 17 апреля, ближе к ночи сообщал, что при падении БПЛА пострадала одна женщина, повреждены пилорама и два частных дома. В регионе до утра 18 апреля действовал сигнал опасности атаки беспилотниками. Позднее господин Гусев добавил, что ночью были сбиты несколько воздушных целей, в том числе три метеозонда. По предварительной информации, в результате их падения никто не пострадал.",https://vk.com/wall-23482909_3605080,vk
2024-04-18 10:17:57,"Председатель Европейского центрального банка (ЕЦБ) Кристин Лагард заявила, что все предложения по передаче российских замороженных активов России Украине имеют юридические риски. По ее мнению, перех","Председатель Европейского центрального банка (ЕЦБ) Кристин Лагард заявила, что все предложения по передаче российских замороженных активов России Украине имеют юридические риски. По ее мнению, переход от заморозки активов к их конфискации может повлечь «нарушение международного порядка, который вы хотите защитить; то, что вы хотели бы, чтобы Россия уважала». «Я видела четыре различных схемы или предложения, чтобы обойти то, что многие другие юристы... рассматривают как очень серьезное юридическое препятствие, которое можно истолковать как нарушение международного правового порядка»,— сказала госпожа Лагард на мероприятии в Вашингтоне (цитата по Financial Times). Глава ЕЦБ считает, что нужно очень внимательно относиться к переходу от «замораживания активов к их конфискации и избавлению от них». По ее мнению, попытки ускорить процесс «ставят целый ряд других вопросов», которые касаются уважения международного правопорядка, финансовой стабильности и совместной ответственности. Госпожа Лагард обратила внимание на «огромную асимметрию» в расположении активов: в США находятся $6 млрд, в еврозоне — больше €200 млрд. Она также указала на более слабые позиции евро в международных финансах по сравнению с долларом.",https://vk.com/wall-23482909_3605173,vk
2024-04-24 01:47:01,"Ozon запустил услугу доставки популярных товаров e-grocery в течение 30 минут. Для этого маркетплейс открывает дарксторы меньшего формата и привлекает курьеров не только на автомобилях, но и на велос","Ozon запустил услугу доставки популярных товаров e-grocery в течение 30 минут. Для этого маркетплейс открывает дарксторы меньшего формата и привлекает курьеров не только на автомобилях, но и на велосипедах. Добиться быстрого масштабирования маркетплейсу будет сложно, в том числе из-за дороговизны и нехватки курьеров, предупреждают эксперты. #Ъузнал",https://vk.com/wall-23482909_3611294,vk
2024-04-24 04:27:01,"В апреле деловая активность в странах зоны евро росла самыми быстрыми темпами с марта 2023 года, следует из предварительных данных Hamburg Commercial Bank (HCOB) и S&P Global. Композитный индекс PMI","В апреле деловая активность в странах зоны евро росла самыми быстрыми темпами с марта 2023 года, следует из предварительных данных Hamburg Commercial Bank (HCOB) и S&P Global. Композитный индекс PMI еврозоны увеличился до максимальных за 11 месяцев 51,4 пункта с 50,3 пункта в марте.",https://vk.com/wall-23482909_3611373,vk
2024-04-26 10:55:00,"Федеральная антимонопольная служба (ФАС) выдала предупреждение маркетплейсу Ozon из-за признаков нарушения антимонопольного законодательства. Регулятор посчитал, что компания навязывает продавцам учас","Федеральная антимонопольная служба (ФАС) выдала предупреждение маркетплейсу Ozon из-за признаков нарушения антимонопольного законодательства. Регулятор посчитал, что компания навязывает продавцам участие в услуге «Баллы за скидки». ФАС получила жалобы от продавцов на неопределенность в условиях расторжения договоров и ограничения при размещении контактной информации. В ходе проверки ФАС также обнаружила в действиях Ozon признаки необоснованного отказа в заключении договоров. Компании необходимо изменить оферту. «При этом действия OZON не должны повлечь ухудшение условий для контрагентов. В случае неисполнения предупреждения ведомство возбудит дело о нарушении антимонопольного законодательства»,— говорится в сообщении ведомства в Telegram. Ozon назвал обращение в ФАС важным сигналом. «Мы с вниманием отнесемся к нему и изучим все требования. Мы на постоянной основе сотрудничаем с ведомством и продолжим диалог для разъяснения и решения спорных вопросов»,— сообщили в пресс-службе Ozon «Интерфаксу».",https://vk.com/wall-23482909_3614251,vk
2024-05-02 11:10:54,"Организация экономического сотрудничества и развития (ОЭСР) ожидает, что ВВП РФ увеличится на 2,6% в 2024 году. Февральский прогноз предполагал рост на 1,8%. В 2025 году рост, как и прежде, ожидается","Организация экономического сотрудничества и развития (ОЭСР) ожидает, что ВВП РФ увеличится на 2,6% в 2024 году. Февральский прогноз предполагал рост на 1,8%. В 2025 году рост, как и прежде, ожидается на уровне 1%. Как ОЭСР улучшил прогноз на 2024 год: 🔹мировая экономика с 2,9% до 3,1%; 🔹США — с 2,1% до 2,6%; 🔹Китай — с 4,7% до 4,9%; 🔹еврозона — с 0,6% до 0,7%. Улучшение прогноза по росту мировой экономики объясняется более высокими темпами роста реальных доходов и снижением процентных ставок. В целом ситуация остается ограничивающей для большинства экономик, процентные ставки будут снижаться постепенно. Краткосрочным риском является высокая геополитическая напряженность.",https://vk.com/wall-23482909_3619944,vk
2024-05-07 09:10:00,"После ухода с российского рынка Lego у местных компаний появились возможности создавать свою продукцию. Так, основатель биотех-стартапа Longevica Айнар Абдрахманов в партнерстве с топ-менеджером Ozon","После ухода с российского рынка Lego у местных компаний появились возможности создавать свою продукцию. Так, основатель биотех-стартапа Longevica Айнар Абдрахманов в партнерстве с топ-менеджером Ozon Олегом Дорожком запускают выпуск конструкторов под брендом Rubrick. Первая линейка будет изготовлена по мотивам сериала «Беспринципные» в партнерстве с сервисом «Кинопоиск», затем планируется создать и свою розничную сеть. Эксперты указывают, что сложно заменить товары Lego, поставляемые сейчас в РФ по параллельному импорту. Кроме того, трудно конкурировать по цене с производителями из Китая, начавшими экспансию на российском рынке. #Ъузнал",https://vk.com/wall-23482909_3626420,vk
2024-05-13 18:00:04,"Bloomberg: норвежская Equinor стала главным поставщиком газа в Европу В 2023 году Норвегия покрыла 30% от общего потребления газа Евросоюза, причем две трети поставок были осуществлены нефтегазовой к","Bloomberg: норвежская Equinor стала главным поставщиком газа в Европу В 2023 году Норвегия покрыла 30% от общего потребления газа Евросоюза, причем две трети поставок были осуществлены нефтегазовой компанией Equinor. Тем самым, Equinor стала главным поставщиком газа в Европу, заменив «Газпром», отмечает агентство Bloomberg. До начала специальной военной операции на Украине российский «Газпром» обеспечивал около 35% всего газа в Европе. В 2023 году Норвегия стала лидером по продаже газа. Из более чем 109 млрд куб. м. природного газа примерно две трети продала норвежская компания Equinor. По данным агентства, норвежское месторождение Troll — крупнейшее шельфовое нефтегазовое месторождение в Европе — обеспечивает 10% всех поставок в Еврозону. В конце июня 2023 года правительство Норвегии разрешило разработку 19 нефтегазовых месторождений. Три из них получила Equinor, девять будут разрабатываться под управлением норвежской энергетической компании Ake, а остальные под руководством германской Wintershall Dea и австрийской OMV. Несмотря на снижение доли «Газпрома», Россия является вторым поставщиком СПГ в Европу после США. По оценке Kpler, поставки на рынки ЕС в 2023 году составили 16,4 млн тонн, крупнейшими потребителями были Испания (5 млн тонн), Бельгия (5 млн тонн) и Франция (3,6 млн тонн). Однако в ЕС обсуждают введение санкций против импорта сжиженного природного газа из России.",https://vk.com/wall-23482909_3633294,vk
2024-05-16 04:34:01,"Мировая экономика в 2024 году может вырасти на 3,2%, следует из весеннего прогноза Еврокомиссии (ЕК). Ее осенний прогноз предполагал меньший рост — на 2,9%. Заметный вклад в улучшение показателя внес","Мировая экономика в 2024 году может вырасти на 3,2%, следует из весеннего прогноза Еврокомиссии (ЕК). Ее осенний прогноз предполагал меньший рост — на 2,9%. Заметный вклад в улучшение показателя внес пересмотр оценок для американской экономики: ожидается, что в 2024-м ВВП США увеличится на 2,4%, а не на 1,4%, как прогнозировалось ранее. Для зоны евро прогноз оставлен без изменений: аналитики ЕК по-прежнему полагают, что экономика этого макрорегиона вырастет на 0,8%. Сохранение такой скромной оценки, несмотря на оживление деловой активности в еврозоне в первом квартале, объясняется рисками, связанными с ускорением инфляции в США и усилением неопределенности из-за развития конфликтов на Украине и на Ближнем Востоке.",https://vk.com/wall-23482909_3635482,vk
2024-05-20 01:35:01,"🇫🇮🇷🇺Правительство Финляндии может частично открыть границу с Россией, если примет закон «о выдворении», ужесточающий меры по предоставлению убежища беженцам. Об этом заявил премьер-министр Финляндии","🇫🇮🇷🇺Правительство Финляндии может частично открыть границу с Россией, если примет закон «о выдворении», ужесточающий меры по предоставлению убежища беженцам. Об этом заявил премьер-министр Финляндии Петтери Орпо. По его словам, власти хотят нормализовать ситуацию, но многое зависит от России. «Когда закон будет принят, мы постараемся осторожно открыть границу. Когда он будет в нашем арсенале, то обдумывая и обсуждая, можно было бы попытаться открыть движение через границу»,— сказал господин Орпо в интервью Yle. По его словам, с начала весны на границе не зафиксировали роста незаконных пересечений, однако со стороны России, по данным властей, «тысячи людей» хотят пройти на территорию Финляндии. «Мы могли бы попробовать начать с одного погранпункта. И если по обе стороны границы будет налажено сотрудничество, это даст возможность открыть и другие»,— допустил премьер. Законопроект «о выдворении», подготовленный финским МВД, предполагает, что прибывших из России беженцов разместят в специальных центрах на границе или вблизи до обработки заявления на предоставление убежища. Тех, кто кому в убежище откажут, депортируют. Парламент рассмотрит инициативу на следующей неделе. Как отмечает Yle, законопроект критиковали правозащитники, поскольку, по их словам, он нарушает международные обязательства в части прав человека. С 30 сентября 2022 года Финляндия ограничила въезд российских граждан с целью туризма, в том числе туристический транзит через Финляндию в другие страны еврозоны. Позднее из-за наплыва беженцев, основная масса которых — выходцы из Сирии, Ирака и Йемена, были закрыты все сухопутные КПП через границу.",https://vk.com/wall-23482909_3639998,vk
2024-06-13 10:50:29,"Индекс Московской биржи падал до 3112,5 пунктов на открытии торгов после введения санкций США. Акции самой Мосбиржи (MOEX: MOEX) падали на 15%. К 10:28 индекс Мосбиржи скорректировался до 3130,82 пун","Индекс Московской биржи падал до 3112,5 пунктов на открытии торгов после введения санкций США. Акции самой Мосбиржи (MOEX: MOEX) падали на 15%. К 10:28 индекс Мосбиржи скорректировался до 3130,82 пункта (-1,27% к закрытию). Индекс РТС 1101,42 пункта, но позднее увеличился до 108,23 пункта (-1,01%). Лидерами снижения стали акции Мосбиржи (-7,2%), «Селигдара» (-5,6%), «Совкомфлота» (-4,8%), НОВАТЭКа (-3,7%) и АФК «Системы» (-3,4%). Также снижалась стоимость бумаг «Газпром нефти», «Сургутнефтегаза», «Аэрофлота», «Роснефти», а также стоимость расписок OZON, бумаг ММК, «ТКС Холдинга», «Яндекса», «Северстали» и ВТБ.",https://vk.com/wall-23482909_3665904,vk
2024-06-27 15:03:56,Российские сервисы онлайн-торговли регулярно анонсируют запуск новых направлений в попытке масштабировать свой бизнес и нарастить аудиторию. Только в 2024 году «Яндекс.Лавка» подтвердила планы по з,"Российские сервисы онлайн-торговли регулярно анонсируют запуск новых направлений в попытке масштабировать свой бизнес и нарастить аудиторию. Только в 2024 году «Яндекс.Лавка» подтвердила планы по запуску франшизы на дарксторы в регионах, а Ozon запустил доставку популярных товаров в течение 30 минут. В западных странах ситуация обратная: регуляторные ограничения вынуждают компании сворачивать активность. «Ъ-Review» разбирался, как устроена работа дарксторов и как можно заработать на росте сегмента. 🔗 kommersant.ru/doc/6792121?vk #Review",https://vk.com/wall-23482909_3681814,vk
2024-07-01 19:07:09,"Товары доступны для покупки на сайтах Ozon и «Яндекс Маркет». В магазинах сетей «Рив Гош», «Лэтуаль» и «Золотое яблоко» косметики этого бренда в продаже по-прежнему нет. В октябре 2022 года бренд дек","Товары доступны для покупки на сайтах Ozon и «Яндекс Маркет». В магазинах сетей «Рив Гош», «Лэтуаль» и «Золотое яблоко» косметики этого бренда в продаже по-прежнему нет. В октябре 2022 года бренд декоративной косметики Lamel Professional, основанный украинкой Натальей Яроменко, опубликовал фотографии в своем аккаунте в одной из соцсетей с подборкой «огненных» макияжей и назвал день теракта на Крымском мосту праздничным «днем хлопка». Позже продукцию бренда вывели из продажи российских магазинов, в том числе «Золотого яблока» и «Рив Гош». Тогда Минпромторг РФ уведомил магазины о поддержке брендом террористических действий в России. Торговые площадки, в свою очередь, сняли продукцию Lamel с продажи. Вслед за этим товары исчезли и с крупных маркетплейсов.",https://vk.com/wall-23482909_3685721,vk
2024-07-03 05:34:01,"Селлеры и покупатели на Ozon Global жалуются на трудности с оформлением заказов крупной бытовой техники из КНР, откуда в Россию ввозится большая часть такой продукции. В Ozon ссылаются на китайские б","Селлеры и покупатели на Ozon Global жалуются на трудности с оформлением заказов крупной бытовой техники из КНР, откуда в Россию ввозится большая часть такой продукции. В Ozon ссылаются на китайские банки, которые якобы ужесточили проверку контрагентов, торгующих с российской стороной. В результате рынок трансграничной интернет-торговли, находящийся в процессе адаптации к недавно вступившим в силу правилам таможенного обложения, мог снова оказаться под давлением. #Ъузнал",https://vk.com/wall-23482909_3687348,vk
2024-07-05 03:00:03,"🗞Дефицит офисов в Москве сыграл на руку крупным компаниям, снимавшим площади в бизнес-центрах впрок под расширение своей деятельности. Теперь они предпочитают сдавать эту недвижимость в субаренду, по","🗞Дефицит офисов в Москве сыграл на руку крупным компаниям, снимавшим площади в бизнес-центрах впрок под расширение своей деятельности. Теперь они предпочитают сдавать эту недвижимость в субаренду, поскольку ставки аренды заметно выросли. По такому пути пошел, например, маркетплейс Ozon, которому удалось пересдать все занимаемые помещения в бизнес-центре «Искра-парк» на севере Москвы. #Ъузнал",https://vk.com/wall-23482909_3689641,vk
2024-07-12 00:20:00,Крупные маркетплейсы расширяют ассортимент летательными аппаратами. Ozon запускает продажу легкомоторных самолетов российской сборки стоимостью от 9 млн руб. Производители рассчитывают таким образом у,"Крупные маркетплейсы расширяют ассортимент летательными аппаратами. Ozon запускает продажу легкомоторных самолетов российской сборки стоимостью от 9 млн руб. Производители рассчитывают таким образом увеличить интерес к малой авиации. А эксперты считают, что основными интересантами могут стать компании в сфере авиахимработ, тогда как массовый спрос ограничен запретами на полеты в регионах, недостатком аэродромов и высокой стоимостью обслуживания самолетов. #Ъузнал",https://vk.com/wall-23482909_3696239,vk
2024-07-15 03:21:01,🗞В первой половине лета крупнейшие маркетплейсы начали заявлять о выходе на рынок лизинга. Такие планы есть как минимум у «Озона» и «Яндекс Маркета». Лизинг может стать еще одним инструментом удержан,"🗞В первой половине лета крупнейшие маркетплейсы начали заявлять о выходе на рынок лизинга. Такие планы есть как минимум у «Озона» и «Яндекс Маркета». Лизинг может стать еще одним инструментом удержания партнеров на площадке, но у маркетплейсов может не быть достаточных компетенций по работе с риском на предмет лизинга, указывают эксперты. #Ъузнал",https://vk.com/wall-23482909_3698552,vk
2024-08-05 11:09:54,"Индекс Мосбиржи на открытии торгов упал до минимума с июля 2023 года. По состоянию на 10:01 он снижался до 2849,41 пункта (–1,7%). В ходе торгов индекс Мосбиржи сократил снижение. По данным на 10:2","Индекс Мосбиржи на открытии торгов упал до минимума с июля 2023 года. По состоянию на 10:01 он снижался до 2849,41 пункта (–1,7%). В ходе торгов индекс Мосбиржи сократил снижение. По данным на 10:22, он торговался на уровне 2864,82 пункта (–1,17%). Индекс РТС падал до 1047,58 пункта (–1,7%). Большинство «голубых фишек» снижалось в пределах 2,8%. Лидером снижения на Мосбирже стали акции «Мечела» (–3,7%). В ходе торгов также падали бумаги OZON (–2,8%), Сбербанка (–2,3%), ПАО «Полюс» (–2,1%), «ТКС Холдинга» (–2,1%).",https://vk.com/wall-23482909_3718482,vk
2024-08-27 04:49:01,"Цифровые платформы Ozon, «Авито» и Wildberries по просьбе «Ъ» подвели промежуточные итоги стартовавшей 21 августа акции по сбору помощи жителям Курской области, пострадавшим от военных действий. К по","Цифровые платформы Ozon, «Авито» и Wildberries по просьбе «Ъ» подвели промежуточные итоги стартовавшей 21 августа акции по сбору помощи жителям Курской области, пострадавшим от военных действий. К понедельнику в рамках «сервисов адресной помощи» собрано более 440 млн руб. сертификатами и баллами, десятки тонн продуктов. В Ozon уточнили, что чаще всего беженцы заказывают одежду, кухонную утварь и средства связи. В Минцифры РФ отметили, что для переселенцев есть 1,4 млн вакансий по всей стране. #Ъузнал",https://vk.com/wall-23482909_3741500,vk
2024-08-27 07:30:01,"🔸Арест Павла Дурова в Париже продлили до 28 августа. Французские следователи допросили сопровождавших его телохранителя и ассистентку и отпустили, сообщило Le Figaro со ссылкой на источник. Подробнее:","🔸Арест Павла Дурова в Париже продлили до 28 августа. Французские следователи допросили сопровождавших его телохранителя и ассистентку и отпустили, сообщило Le Figaro со ссылкой на источник. Подробнее: kommersant.ru/doc/6919033?vk 🔸Глава Meta (признана в РФ экстремистской и запрещена) Марк Цукерберг заявил, что администрация президента США Джо Байдена в 2021 году оказывала давление на корпорацию и требовала цензурировать контент о COVID-19. Подробнее: kommersant.ru/doc/6919073?vk 🔸Цифровые платформы Ozon, «Авито» и Wildberries по просьбе «Ъ» подвели промежуточные итоги акции по сбору помощи жителям Курской области, пострадавшим от военных действий. Подробнее: kommersant.ru/doc/6918988?vk 🔸Как стало известно «Ъ», СКР завершил расследование уголовного дела в отношении руководства промышленной группы «Новик» и глав страховых компаний, задействованных в преступных схемах. Подробнее: kommersant.ru/doc/6918996?vk 🔸ООН прекратила поставку гуманитарной помощи жителям сектора Газа после распоряжения Израиля об эвакуации нескольких районов города Дейр-эль-Балах. Подробнее: kommersant.ru/doc/6919066?vk 🔸По данным «Ъ», один из старейших звукозаписывающих лейблов в РФ «Союз Мьюзик» вышел из числа партнеров крупнейшего цифрового дистрибутора контента Zvonko Digital. Подробнее: kommersant.ru/doc/6918942?vk 🔸SpaceX перенесла на 28 августа запуск коммерческой миссии Polaris Dawn, в рамках которой непрофессиональные астронавты впервые в истории выйдут в открытый космос. Подробнее: kommersant.ru/doc/6919070?vk #главноекутру",https://vk.com/wall-23482909_3741573,vk
2024-08-30 15:35:00,"Индекс Московской биржи опустился ниже 2650 пунктов. К 15:05 он снизился на 2,45%, до 2641,8 пункта, обновив минимум с июня 2023 года. Индекс РТС снижался на 2,48%, до 909,94 пункта. Среди лидеров","Индекс Московской биржи опустился ниже 2650 пунктов. К 15:05 он снизился на 2,45%, до 2641,8 пункта, обновив минимум с июня 2023 года. Индекс РТС снижался на 2,48%, до 909,94 пункта. Среди лидеров падения акции Globaltrans (-14,6%), «Норникеля» (-4,3%), «Аэрофлота» (-4,2%), «НЛМК» (-4,2%), «Газпрома» (-3,9%), «Магнита» (-3,8%), расписки OZON (-3,4%), бумаги ВТБ (-3%), «ММК» (-3%). Снижение индекса Мосбиржи наблюдается с мая. Аналитики связывали снижение с динамикой цен на нефть, курсом рубля, высокими процентными ставками и рисками дальнейшего ужесточения монетарной политики.",https://vk.com/wall-23482909_3745858,vk
2024-09-12 21:58:05,"Европейский центральный банк на заседании в четверг, 12 сентября, продолжил процесс смягчения своей денежно-кредитной политики (ДКП). Регулятор снизил ставку по депозитам, которая определяет курс ДКП,","Европейский центральный банк на заседании в четверг, 12 сентября, продолжил процесс смягчения своей денежно-кредитной политики (ДКП). Регулятор снизил ставку по депозитам, которая определяет курс ДКП, на 25 базисных пунктов — до 3,5%. Единогласное решение совета управляющих ЕЦБ объяснено продолжающимся замедлением инфляции в еврозоне при одновременном ухудшении ее экономических перспектив. Хотя прямо об этом не заявляется, главный предмет тревоги ЕЦБ — экономика Германии, которая, судя по поступающим данным, в очередной раз находится на грани рецессии.",https://vk.com/wall-23482909_3760431,vk
2024-09-16 01:56:00,"ГК «Ориентир», которой принадлежит сгоревший два года назад и восстановленный крупный складской комплекс в подмосковной Истре, пытается отсудить 3,7 млрд руб. у арендатора объекта — Ozon. Такую сумму","ГК «Ориентир», которой принадлежит сгоревший два года назад и восстановленный крупный складской комплекс в подмосковной Истре, пытается отсудить 3,7 млрд руб. у арендатора объекта — Ozon. Такую сумму компания потратила на восстановление объекта. Маркетплейс после пожара получил страховые выплаты почти вдвое больше суммы, требуемой собственником недвижимости. «Ориентир», в свою очередь, по-прежнему не может добиться компенсации от своего страховщика. #Ъузнал",https://vk.com/wall-23482909_3762949,vk
2024-09-24 05:33:01,"Деловая активность в еврозоне в сентябре неожиданно для аналитиков замедлилась до многомесячных минимумов — композитный индекс PMI, по предварительным данным, составил 48,9 пункта после 51 пункта в ав","Деловая активность в еврозоне в сентябре неожиданно для аналитиков замедлилась до многомесячных минимумов — композитный индекс PMI, по предварительным данным, составил 48,9 пункта после 51 пункта в августе. Снижение объясняется в том числе продолжающимся сжатием активности в производственном секторе: в сентябре более глубокий, чем ранее, спад фиксировался в Германии. В сфере услуг деловая активность при этом продолжила расширяться, но рост индекса здесь стал минимальным с февраля — импульс, вызванный проведением Олимпийских игр в Париже, себя фактически исчерпал. Поступающие данные указывают на то, что смягчать денежно-кредитную политику Европейскому центральному банку, по всей видимости, придется быстрее, чем ранее предполагалось.",https://vk.com/wall-23482909_3771419,vk
2024-10-03 03:36:03,"Один из крупнейших российских маркетплейсов — «Яндекс» — собирается развивать страховое направление. По словам собеседников «Ъ», «Яндекс» уже нанимает персонал и находится в поиске страховой компании","Один из крупнейших российских маркетплейсов — «Яндекс» — собирается развивать страховое направление. По словам собеседников «Ъ», «Яндекс» уже нанимает персонал и находится в поиске страховой компании для приобретения. Эксперты считают, что у компании хорошие перспективы, поскольку она сможет заработать на кросс-продажах в рамках собственной экосистемы. Впрочем, маркетплейс «Озон» избрал другой путь, предлагая клиентам страховые продукты по модели white label. #Ъузнал",https://vk.com/wall-23482909_3781889,vk
2024-10-07 21:17:23,"Онлайн-магазин электроники «Плеер.ру» намерен переформатироваться в маркетплейс техники, рассказал «Ъ» основатель магазина Алексей Конышев. По его словам, причиной внезапного прекращения работы в к","Онлайн-магазин электроники «Плеер.ру» намерен переформатироваться в маркетплейс техники, рассказал «Ъ» основатель магазина Алексей Конышев. По его словам, причиной внезапного прекращения работы в конце сентября стала сорвавшаяся сделка по продаже магазина: средства должны были пойти на погашение долгов перед поставщиком электроники. Эксперты сомневаются, что «Плеер.ру» сможет привлечь продавцов, учитывая репутацию и конкуренцию со стороны «Яндекса», «Мегамаркета», Ozon и др. #Ъузнал",https://vk.com/wall-23482909_3786659,vk
2024-10-16 03:14:08,"«Озон Фармацевтике» за день до окончания IPO удалось собрать почти три книги заявок. Причем спрос предъявили как частные, так и институциональные инвесторы, а сами участники рынка считают цену размеще","«Озон Фармацевтике» за день до окончания IPO удалось собрать почти три книги заявок. Причем спрос предъявили как частные, так и институциональные инвесторы, а сами участники рынка считают цену размещения скромной. Однако повторить результаты эмитентов предыдущих размещений компании будет сложно на фоне слабой конъюнктуры фондового рынка, а также рисков, связанных со спецификой рынка фармацевтики.",https://vk.com/wall-23482909_3795096,vk
2024-10-17 08:54:38,Группа «Озон Фармацевтика» — крупнейший в России производитель дженериков — осуществила первичное размещение акций (IPO) на Мосбирже по верхней границе ценового диапазона — 35 руб. за акцию. «Цена,"Группа «Озон Фармацевтика» — крупнейший в России производитель дженериков — осуществила первичное размещение акций (IPO) на Мосбирже по верхней границе ценового диапазона — 35 руб. за акцию. «Цена размещения составила 35 руб. за акцию, что соответствует рыночной капитализации компании около 38,5 млрд руб. с учетом средств, привлеченных в рамках IPO. Общий размер IPO составил 3,45 млрд руб., включая базовый размер 3 млрд руб. и стабилизационный пакет в размере 0,45 млрд руб.»,— сказано в сообщении компании. Начало торгов запланировано на 16:00 мск сегодня, 17 октября, под тикером OZPH и ISIN RU000A109B25. Период размещения акций — до 28 октября, продавцом выступит банк «Синара». Привлеченные средства пойдут, в частности, на расширение линейки препаратов дженериков и биосимиляров и запуск новых производств. Компания «Озон Фармацевтика» производит препараты для лечения онкологических и аутоиммунных заболеваний, а также лекарств в области биотехнологий. Она также представлена в низкомолекулярной фармацевтике, но специализируется в основном на производстве дженериков. В группу входят производственные активы, расположенные в городах Жигулевск и Тольятти Самарской области: «Озон», «Озон Фарм», «Озон Медика» и «Мабскейл».",https://vk.com/wall-23482909_3796319,vk
2024-10-21 04:04:08,"Не будет чрезмерной смелостью сказать, что минувшая светская неделя в Москве была сплошным задуванием свечей на торте: один день рождения тут же сменялся другим. Первым в списке был лидер светского т","Не будет чрезмерной смелостью сказать, что минувшая светская неделя в Москве была сплошным задуванием свечей на торте: один день рождения тут же сменялся другим. Первым в списке был лидер светского телеграмовещания «Антиглянец». Причем админы канала — Наталия Архангельская, Юлия Пош и Татьяна Столяр — к восьмому году непрерывного труда достигли такого уровня просветленности, что объявили «несветскую вечеринку». Позиция, вызывающая уважение,— однако идея в целом провалилась. Всем бы такие светские вечеринки, какой у «Антиглянца» была несветская! Действительно, не было фотозоны и фотографов, требующих сосредоточенного позирования. Да, караоке находилось в основном месте празднования, а не предлагалось в качестве дополнительной опции after-party в другом месте, как это частенько бывает. Наконец, отсутствовали некоторые гости из числа тех, кого обычно приглашают не по любви, а по обязанности. Вот в общем-то и все. Именинницы были нарядны, на «белковом столе» стояла черная икра, а также морские жители; с цветами и почестями к ним приехали Андрей Малахов, Елена и Олег Байбаковы, Ирина и Борис Зарьковы, Яна Рудковская, Виктория Шелягова. Впрочем, главной звездочкой стала Анна Седокова. Свежеразведенная певица была со всеми мила и не отказывалась петь в караоке ни чужие песни, ни хиты группы «Виа Гра». Так были составлены новые артистические конфигурации, ну а вечеринка завершилась ближе к утру.",https://vk.com/wall-23482909_3799999,vk
2024-10-31 22:30:00,"▪В Испании из-за вызванного проливными дождями наводнения погибло 158 человек, еще около 300 оказались заблокированы из-за затопленных дорог. Подробнее: kommersant.ru/doc/7268217?vk ▪ Конституционны","▪В Испании из-за вызванного проливными дождями наводнения погибло 158 человек, еще около 300 оказались заблокированы из-за затопленных дорог. Подробнее: kommersant.ru/doc/7268217?vk ▪ Конституционный суд Молдавии утвердил итоги референдума по евроинтеграции. Подробнее: kommersant.ru/doc/7268151?vk ▪Пять человек погибли, еще четыре пострадали в результате взрыва газа в многоэтажном доме в Черкесске. Глава КЧР заявил, что пострадавшие и семьи погибших получат выплаты в размере 300 тыс. и 1 млн руб. соответственно. Подробнее: kommersant.ru/doc/7268173?vk ▪Правнучку советского летчика Валерия Чкалова Дарью Богданову (признана Минюстом иноагентом) внесли в перечень террористов и экстремистов. Подробнее: kommersant.ru/doc/7268087?vk ▪Правительство дополнительно выделило 350 млрд руб. на программу семейной ипотеки. Подробнее: kommersant.ru/doc/7267714?vk ▪Рабочие места сохранят за участниками СВО на весь период их службы. Подробнее: kommersant.ru/doc/7268009?vk ▪Маркетплейс Ozon с 1 ноября приостановит функцию постоплаты для большинства товаров. Подробнее: kommersant.ru/doc/7268207?vk #главноеквечеру",https://vk.com/wall-23482909_3810401,vk
2024-11-18 10:40:00,"Российский рынок акций начал торги с падения на 1,76%. Индекс Московской биржи (MOEX: MOEX) упал ниже отметки в 2700 пунктов. По состоянию на 10:21 падение замедлилось до 1,06%, до 2710,06 пункта.","Российский рынок акций начал торги с падения на 1,76%. Индекс Московской биржи (MOEX: MOEX) упал ниже отметки в 2700 пунктов. По состоянию на 10:21 падение замедлилось до 1,06%, до 2710,06 пункта. Индекс РТС также снижается на 1,06%, до 853,75 пункта. Лидерами падения в ходе торгов были «Транснефть» (–5,51%), Ozon (–3,04%), «Юнипро» (–2,8%), «Ростелеком» (–2,74%), «Газпром» (–2,53%). Индекс Мосбиржи закрепился выше уровня 2700 пунктов в начале ноября, почти полностью отыграв октябрьское падение. Оптимизма инвесторам добавило ожидание снижения геополитической напряженности, в том числе на фоне победы Дональда Трампа на выборах в США, а также крупных выплат промежуточных дивидендов.",https://vk.com/wall-23482909_3826193,vk
2024-11-19 02:52:01,"«Авито» планирует запустить страховое направление. В отличие от «Озона» и «Яндекса», компания собирается работать по принципу продажи специально подобранных продуктов страховщиков. По словам эксперто","«Авито» планирует запустить страховое направление. В отличие от «Озона» и «Яндекса», компания собирается работать по принципу продажи специально подобранных продуктов страховщиков. По словам экспертов, «Авито» в этом случае может заработать на комиссионном вознаграждении, а страховщики — расширить клиентскую базу. Впрочем, успешность такого партнерства будет зависеть от способности маркетплейса продвигать страховки. #Ъузнал",https://vk.com/wall-23482909_3826770,vk
2024-12-20 20:19:33,"Врио губернатора Курской области Александр Хинштейн сообщил о гибели шести человек, включая ребенка, и ранении десяти, включая 13-летнего подростка, при массированном обстреле Рыльска. Травмы у постра","Врио губернатора Курской области Александр Хинштейн сообщил о гибели шести человек, включая ребенка, и ранении десяти, включая 13-летнего подростка, при массированном обстреле Рыльска. Травмы у пострадавших легкие. Среди поврежденных зданий Дом культуры, начальная школа, авиационный колледж, офисы СДЭК и Ozon, ЗАГС. По данным главы района Андрея Белоусова, было около 15 прилетов, ПВО сбило несколько ракет РСЗО HIMARS. Возбуждено уголовное дело о теракте. Рыльск находится в 30 км от границы с Украиной, в нем проживает около 15 тыс. человек.",https://vk.com/wall-23482909_3859371,vk
2025-01-15 00:21:02,"Ozon начинает предоставлять услуги лизинга автомобилей, ориентируясь в первую очередь на своих партнеров. Участники рынка и эксперты отмечают, что на рынке высока конкуренция со стороны крупных компа","Ozon начинает предоставлять услуги лизинга автомобилей, ориентируясь в первую очередь на своих партнеров. Участники рынка и эксперты отмечают, что на рынке высока конкуренция со стороны крупных компаний. Впрочем, Ozon, как и многие новые игроки, формирует портфель за счет более мягких ценовых условий. При этом наличие банка в группе должно помочь при фондировании этого бизнеса.",https://vk.com/wall-23482909_3878310,vk
2025-01-15 07:20:03,"🔸 Следователи Южной Кореи впервые в истории страны арестовали отстраненного от власти, но действующего президента —- обвиняемого по делу о мятеже Юн Сок Ёля. Он заявил, что решение явиться на допрос б","🔸 Следователи Южной Кореи впервые в истории страны арестовали отстраненного от власти, но действующего президента —- обвиняемого по делу о мятеже Юн Сок Ёля. Он заявил, что решение явиться на допрос было добровольным. Подробнее: kommersant.ru/doc/7432081?vk 🔸 Ozon сообщил «Ъ» о запуске с середины января услуги автолизинга. Через недавно созданное ООО «Озон Лизинг» от одного года до пяти лет можно будет взять в лизинг как новые автомобили, так и машины с пробегом из всех сегментов. Подробнее: kommersant.ru/doc/7431993?vk 🔸 Евросоюз в рамках 16-го пакета санкций против России рассматривает поэтапный запрет на импорт алюминия и отказ от сжиженного природного газа из РФ, сообщило Bloomberg. Подробнее: kommersant.ru/doc/7432068?vk 🔸 Как выяснил «Ъ», российские авиаперевозчики с 2022 года избавили от двойной регистрации как минимум 365 иностранных самолетов, оставшихся в России. Это более половины зарубежного авиапарка РФ, который обеспечивает 95% перевозок. Подробнее: kommersant.ru/doc/7431939?vk 🔸 Армения и США подписали хартию о стратегическом партнерстве, которая охватывает широкий спектр сфер: от обороны и безопасности до развития высоких технологий и демократических институтов. Подробнее: kommersant.ru/doc/7432024?vk 🔸 По предварительным расчетам Центризбиркома, с которыми ознакомился «Ъ», к выборам в Госдуму в 2026 году в новых регионах, где голосования еще не было, предстоит сформировать девять одномандатных округов: четыре — в ДНР, три — в ЛНР и по одному в Запорожской и Херсонской областях. Подробнее: kommersant.ru/doc/7432029?vk 🔸 Уходящая администрация президента США Джо Байдена уведомила Конгресс о намерении исключить Кубу из списка государств—спонсоров терроризма. Подробнее: kommersant.ru/doc/7432027?vk 🔸 Палата представителей США 218 голосами против 206 одобрила законопроект, который запрещает трансгендерам (движение ЛГБТ признано в РФ экстремистским и запрещено) участвовать в женских школьных спортивных командах. Подробнее: kommersant.ru/doc/7432087?vk 🔸 Как стало известно «Ъ», банк ВТБ для снижения нагрузки на капитал 28 декабря 2024 года полностью вышел из капитала своей лизинговой компании, передав ее дочернему БМ-банку. Подробнее: kommersant.ru/doc/7432013?vk #главноекутру",https://vk.com/wall-23482909_3878436,vk
2025-02-04 18:05:17,Федеральная антимонопольная служба (ФАС) России обязала Ozon и Wildberries до 28 февраля создать прозрачный механизм участия продавцов в скидочных акциях. Маркетплейсы должны учитывать их согласие н,"Федеральная антимонопольная служба (ФАС) России обязала Ozon и Wildberries до 28 февраля создать прозрачный механизм участия продавцов в скидочных акциях. Маркетплейсы должны учитывать их согласие на включение товара в категорию распродажи, сообщается на сайте ведомства. По оценке ФАС, из-за введенных ограничений предприниматели лишаются права управлять ценами на свою продукцию. Если маркетплейсы в установленный срок не выполнят предписание ФАС, служба возбудит против них дела о нарушении антимонопольного законодательства. В Wildberries «Ъ» заверили, что внимательно изучат предупреждение, как только оно поступит. Ozon также пообещал изучить обращение ФАС.",https://vk.com/wall-23482909_3899139,vk
2025-02-04 23:00:41,"▪️ Десять человек погибли в результате стрельбы у здания школы для взрослых Risbergska в шведском городе Эребру. Подробнее: kommersant.ru/doc/7479290?vk ▪️ Китай ввел пошлины на уголь, нефть, СПГ из","▪️ Десять человек погибли в результате стрельбы у здания школы для взрослых Risbergska в шведском городе Эребру. Подробнее: kommersant.ru/doc/7479290?vk ▪️ Китай ввел пошлины на уголь, нефть, СПГ из Соединенных Штатов. Подробнее: kommersant.ru/doc/7478567?vk ▪️ Бывший генсек НАТО Йенс Столтенберг назначен министром финансов Норвегии. Подробнее: kommersant.ru/doc/7478825?vk ▪️ Минтранс Казахстана опубликовал предварительный отчет о крушении борта AZAL у аэропорта Актау. Подробнее: kommersant.ru/doc/7479157?vk ▪️ КГБ Белоруссии включил Славу Комиссаренко в список причастных к терроризму. Подробнее: kommersant.ru/doc/7479122?vk ▪️ Цена золота на спотовом рынке обновила исторический максимум, достигнув $2843 за унцию. Подробнее: kommersant.ru/doc/7479154?vk ▪️ Правоохранительные органы Узбекистана раскрыли сеть мошенников, которые создали три колл-центра и обманом присваивали личные средства граждан России. Подробнее: kommersant.ru/doc/7479088?vk ▪️ Суд на два месяца арестовал замгубернатора Ростовской области Лилию Федотову по делу о превышении полномочий. Подробнее: kommersant.ru/doc/7479268?vk ▪️ ФАС обязала Ozon и Wildberries до 28 февраля создать прозрачный механизм участия продавцов в скидочных акциях. Подробнее: kommersant.ru/doc/7479057?vk #главноеквечеру",https://vk.com/wall-23482909_3899406,vk
2025-02-27 15:20:00,"Чистый убыток Ozon в 2024 году вырос на 39% до 59,4 млрд руб., выручка увеличилась на 45% до 615,7 млрд руб., валовая прибыль – на 126% до 99,9 млрд руб., следует из отчетности по МСФО. Скорректирова","Чистый убыток Ozon в 2024 году вырос на 39% до 59,4 млрд руб., выручка увеличилась на 45% до 615,7 млрд руб., валовая прибыль – на 126% до 99,9 млрд руб., следует из отчетности по МСФО. Скорректированная EBITDA выросла на 526% до рекордных 40,1 млрд руб., оборот (GMV) увеличился на 64% до 2,8 трлн руб. Оборот предпринимателей на Ozon вырос на 69%, их доля достигла 85,4%, число активных продавцов увеличилось до 600 тыс., 80% из которых в регионах. В четвертом квартале выручка выросла на 69% до 216,6 млрд руб., прибыль – в 2,6 раза до 35,7 млрд руб., убыток сократился на 3% до 17,6 млрд руб. 31,76% акций Ozon принадлежат ПАО АФК «Система», 28% – фонду «Восток Инвестиции», ранее принадлежавшему Baring Vostok Private Equity Funds. Остальные бумаги в свободном обращении. В июне 2023 года правительственная комиссия разрешила редомициляцию холдинговой компании Ozon с Кипра.",https://vk.com/wall-23482909_3923374,vk
2025-03-06 18:17:14,"Европейский центральный банк (ЕЦБ) снизил три ключевые процентные ставки на 25 базисных пунктов. С 12 марта 2025 года ставки по депозитам, основным операциям рефинансирования и маржинальному кредитова","Европейский центральный банк (ЕЦБ) снизил три ключевые процентные ставки на 25 базисных пунктов. С 12 марта 2025 года ставки по депозитам, основным операциям рефинансирования и маржинальному кредитованию будут снижены до 2,5%, 2,65% и 2,9% соответственно. Согласно сообщению, процесс замедления инфляции в еврозоне «идет полным ходом». Большинство показателей указывают на то, что инфляция устойчиво стабилизируется вблизи среднесрочного показателя в 2%.",https://vk.com/wall-23482909_3932086,vk
2025-03-06 21:10:53,"Европейский центральный банк (ЕЦБ) на заседании в четверг, 6 марта вновь понизил ставку по депозитам, определяющую курс денежно-кредитной политики (ДКП),— до 2,5%. Свое решение регулятор объяснил заме","Европейский центральный банк (ЕЦБ) на заседании в четверг, 6 марта вновь понизил ставку по депозитам, определяющую курс денежно-кредитной политики (ДКП),— до 2,5%. Свое решение регулятор объяснил замедлением инфляции. Дальнейшее снижение ставки под вопросом: в заявлении по итогам заседания ЕЦБ впервые отметил, что действует «в условиях растущей неопределенности». Глава регулятора Кристин Лагард отметила возможные последствия усиливающейся напряженности в мировой торговле: это в том числе снижение инвестиций и торможение роста экспорта. Эти и другие риски центробанк еврозоны заложил в свой обновленный макропрогноз: ожидается, что в 2025 году европейская экономика вырастет на 0,9%, в 2026-м — на 1,2%. Подробнее: kommersant.ru/doc/7562034?vk",https://vk.com/wall-23482909_3932343,vk
2025-03-14 04:04:06,"Федеральная антимонопольная служба (ФАС) требует от Ozon и Wildberries опубличить и обосновать внутренние механизмы автоакций, предусматривающие скидки за счет продавца на товары с плохой оборачиваемо","Федеральная антимонопольная служба (ФАС) требует от Ozon и Wildberries опубличить и обосновать внутренние механизмы автоакций, предусматривающие скидки за счет продавца на товары с плохой оборачиваемостью. Также служба проводит проверку установки скидок за счет уже самих маркетплейсов, что, в свою очередь, приводит к искусственному демпингу площадок. К решению вопроса подключилось правительство: в частности, обсуждается предложение обязать маркетплейсы уведомлять продавцов за 14 дней о проведении акции и получать их согласие. Подробнее: kommersant.ru/doc/7566979?vk #Ъузнал",https://vk.com/wall-23482909_3939261,vk
2025-04-16 17:09:59,"«Яндекс», пытаясь догнать прямых конкурентов на рынке онлайн-торговли — Wildberries и Ozon, стремится расширить географию присутствия и число пунктов выдачи заказов. IT-холдинг решил это сделать, купи","«Яндекс», пытаясь догнать прямых конкурентов на рынке онлайн-торговли — Wildberries и Ozon, стремится расширить географию присутствия и число пунктов выдачи заказов. IT-холдинг решил это сделать, купив сервис доставки Boxberry и всю его инфраструктуру. Эксперты оценивают сумму сделки примерно в 1,5 млрд руб. Для владельцев Boxberry бизнес стал убыточным из-за потери доли рынка на фоне усиления конкуренции со стороны более крупных компаний отрасли. Подробнее: kommersant.ru/doc/7659049?vk",https://vk.com/wall-23482909_3969851,vk
2025-04-18 13:01:56,"«Восток Инвестиции» продали 27,64% акций Ozon за 38,3 млрд руб. Об этом говорится в аудиторском заключении МКООО «Кенигсберг Инвестментс», которая является холдинговой компанией «Восток Инвестиций». С","«Восток Инвестиции» продали 27,64% акций Ozon за 38,3 млрд руб. Об этом говорится в аудиторском заключении МКООО «Кенигсберг Инвестментс», которая является холдинговой компанией «Восток Инвестиций». Сделка с дисконтом к рыночной стоимости нейтральна для «Восток Инвестиций». Baring Vostok инвестировал в Ozon с 2000 года. Покупателем стала российская структура, не подпадающая под санкции. Основателя Baring Vostok Майкла Калви и бывшего операционного партнера Филиппа Дельпаля ранее задержали по обвинению в хищении средств банка.",https://vk.com/wall-23482909_3971632,vk
2025-05-27 17:37:01,"Глава МИД Турции Хакан Фидан во вторник, 27 мая, завершил двухдневный визит в Москву. В Кремле изначально называли основной темой переговоров двусторонние отношения России и Турции. Однако один толь","Глава МИД Турции Хакан Фидан во вторник, 27 мая, завершил двухдневный визит в Москву. В Кремле изначально называли основной темой переговоров двусторонние отношения России и Турции. Однако один только список собеседников, с которыми турецкий министр встретился в российской столице, показал, что его главной задачей было прозондировать почву перед возможным новым раундом переговоров России и Украины. Сообщение агентства Reuters о том, что господин Фидан после Москвы отправится в Киев, стало лишним тому подтверждением. Между тем заявления главы МИД РФ Сергея Лаврова по итогам встречи с турецким коллегой показали: в России уже определились с площадкой для второго раунда переговоров. Подробнее: kommersant.ru/doc/7755439?vk",https://vk.com/wall-23482909_4006793,vk
2025-06-18 04:07:03,«Озон Фармацевтика» объявила о сборе заявок для участия во вторичном размещении акций. С начала 2025 года это первое SPO в отношении неограниченного круга инвесторов. Конъюнктура рынка явно не спосо,"«Озон Фармацевтика» объявила о сборе заявок для участия во вторичном размещении акций. С начала 2025 года это первое SPO в отношении неограниченного круга инвесторов. Конъюнктура рынка явно не способствует размещению акций: индекс Московской биржи находится на уровне начала года, а инвесторы предпочитают депозиты. Но акции «Озон Фармацевтики» прибавили в цене 13% с начала года, и участники фондового рынка ожидают высокого спроса на новые акции.",https://vk.com/wall-23482909_4025847,vk
2025-06-20 21:14:43,"Вторичное размещение акций «Озон Фармацевтики» негативно сказалось на их котировках. В середине торговой сессии 20 июня на фоне активных продаж со стороны частных инвесторов котировки упали на 6,4%","Вторичное размещение акций «Озон Фармацевтики» негативно сказалось на их котировках. В середине торговой сессии 20 июня на фоне активных продаж со стороны частных инвесторов котировки упали на 6,4%, до 43 руб., минимума с начала февраля. Вместе с тем активное участие в SPO приняли институциональные инвесторы, которые зачастую выступают стабилизирующим фактором. С учетом устойчивых финансовых показателей эмитента и увеличения free-float эмитент может рассчитывать на включение бумаг в первый котировальный список и в индекс Московской биржи, что будет способствовать расширению круга инвесторов. Подробнее: kommersant.ru/doc/7831023?vk",https://vk.com/wall-23482909_4029687,vk
2025-06-24 19:16:55,"Маркетплейсу Ozon не удалось получить с ГК «Ориентир» 4,5 млрд руб. убытков за сгоревший более двух лет назад склад в подмосковной Истре. Ранее взыскать с интернет-ритейлера 3,7 млрд руб. на восста","Маркетплейсу Ozon не удалось получить с ГК «Ориентир» 4,5 млрд руб. убытков за сгоревший более двух лет назад склад в подмосковной Истре. Ранее взыскать с интернет-ритейлера 3,7 млрд руб. на восстановление объекта пытался сам девелопер. Но суд также не встал на его сторону. Подробнее: kommersant.ru/doc/7833732?vk",https://vk.com/wall-23482909_4034001,vk
2025-07-14 06:00:16,"Принадлежавшая ранее Сбербанку управляющая компания «Современные фонды недвижимости» (УК СФН) выкупила 77,4 тыс. кв. м площадей в логопарке «NK парк Вешки-2» на севере Москвы ориентировочно за 8,1–9,3","Принадлежавшая ранее Сбербанку управляющая компания «Современные фонды недвижимости» (УК СФН) выкупила 77,4 тыс. кв. м площадей в логопарке «NK парк Вешки-2» на севере Москвы ориентировочно за 8,1–9,3 млрд руб. Этот актив уже вошел в портфель профильного закрытого паевого инвестиционного фонда (ЗПИФ) и приносит стабильный доход инвесторам, поскольку арендный поток для объекта обеспечивает его единственный арендатор — Ozon. Подробнее: kommersant.ru/doc/7887988?vk #Ъузнал",https://vk.com/wall-23482909_4059063,vk
2025-07-25 21:17:57,"Совладелец российского подразделения IT-холдинга «Яндекс» и бывшего игрового дивизиона Mail. ru Александр Чачава стал собственником 27,7% Ozon. Акции достались бизнесмену от группы «Восток Инвестиции»","Совладелец российского подразделения IT-холдинга «Яндекс» и бывшего игрового дивизиона Mail. ru Александр Чачава стал собственником 27,7% Ozon. Акции достались бизнесмену от группы «Восток Инвестиции», получившей в свою очередь эти бумаги от Baring Vostok Майкла Калви. В свое время этот инвестфонд заплатил за контрольный пакет маркетплейса $3 млн, а «Восток Инвестиции» продала его почти за 38 млрд руб., или около $478 млн по текущему курсу. С момента IPO Ozon в 2020 году его бизнес вырос в 36 раз, и по итогам 2024 года оборот товаров, реализованных через маркетплейс, достиг 2,9 трлн руб. Подробнее: kommersant.ru/doc/7922377?vk",https://vk.com/wall-23482909_4075000,vk
2025-07-30 00:22:02,"Озон-банк планирует до конца года развернуть собственную сеть банкоматов, которые уже начал устанавливать в пунктах выдачи заказов и торговых точках. У банка нет отделений, и с помощью банкоматов он п","Озон-банк планирует до конца года развернуть собственную сеть банкоматов, которые уже начал устанавливать в пунктах выдачи заказов и торговых точках. У банка нет отделений, и с помощью банкоматов он планирует компенсировать потребность клиентов в прямых контактах. Клиентская сеть «Озона» широкая, однако ряд экспертов указывает, что из-за нацеленности на аудиторию, предпочитающую цифровые сервисы, окупить вложения в инфраструктуру по работе с наличными в обозримом будущем банку будет непросто. Подробнее: kommersant.ru/doc/7924606?vk #Ъузнал",https://vk.com/wall-23482909_4079484,vk
2025-07-30 07:20:46,"🔸 У берегов Камчатки произошло землетрясение. Максимальная магнитуда составила 8,7. В Елизовском районе Камчатского края зафиксирована волна цунами высотой 3–4 м. Подробнее: kommersant.ru/doc/7924789?","🔸 У берегов Камчатки произошло землетрясение. Максимальная магнитуда составила 8,7. В Елизовском районе Камчатского края зафиксирована волна цунами высотой 3–4 м. Подробнее: kommersant.ru/doc/7924789?vk 🔸 В результате землетрясения магнитудой 7,9 у Курил повреждено несколько зданий в Северо-Курильске. Прокуратура Сахалинской области контролирует меры по эвакуации и размещению жителей. Подробнее: kommersant.ru/doc/7924793?vk 🔸 Президент США Дональд Трамп сообщил, что намерен ввести пошлины на товары из Индии, если стороны не придут к торговому соглашению. Ставка может составить 20–25%. Подробнее: kommersant.ru/doc/7924788?vk 🔸 Гендиректор «Роскосмоса» Дмитрий Баканов во время рабочего визита в США посетил космический центр имени Джонсона. В центре управления полетом господин Баканов встретился с сотрудниками главной оперативной группы российского сегмента МКС. Подробнее: kommersant.ru/doc/7924784?vk 🔸Как выяснил «Ъ», Озон-банк начал развертывание собственной сети банкоматов, планируя установить 350 устройств до конца года. Первые 12 уже работают в Москве, Петербурге и Екатеринбурге. Они появятся в пунктах выдачи заказов маркетплейса, а также в торговых точках. Подробнее: kommersant.ru/doc/7924731?vk #главноекутру",https://vk.com/wall-23482909_4079660,vk
2025-07-30 14:51:47,Произошедшее на Камчатке землетрясение стало самым сильным в региональной сейсмозоне с 1952 года. Губернатор региона Владимир Солодов назвал произошедшее «серьезным испытанием для всех нас». Поврежд,"Произошедшее на Камчатке землетрясение стало самым сильным в региональной сейсмозоне с 1952 года. Губернатор региона Владимир Солодов назвал произошедшее «серьезным испытанием для всех нас». Повреждены детские сады, торговые центры. В некоторых соборах из-за колебаний земли сами звонили колокола. Трех-четырехметровая волна цунами затопила ряд прибрежных районов. При этом массовых жертв удалось избежать. Власти заявили, что серьезных разрушений нет, но окончательные выводы будут сделаны в ближайшие дни. Угроза цунами также объявлялась в Японии, США, Китае и Чили. Подробнее: kommersant.ru/doc/7925200?vk",https://vk.com/wall-23482909_4080207,vk
2025-08-05 11:04:49,Южная часть полуострова Камчатка сдвинулась почти на два метра на юго-восток после недавнего землетрясения. Об этом сообщает камчатский филиал Единой геофизической службы РАН. 30 июля в 150 км от П,"Южная часть полуострова Камчатка сдвинулась почти на два метра на юго-восток после недавнего землетрясения. Об этом сообщает камчатский филиал Единой геофизической службы РАН. 30 июля в 150 км от Петропавловска-Камчатского произошло мощное землетрясение, его магнитуда, по разным оценкам, достигала 8,8. Оно стало самым сильным в региональной сейсмозоне с 1952 года. Были повреждены социальные и коммерческие объекты, волна цунами затопила несколько прибрежных районов. Фото: Главное управление МЧС России по Камчатскому краю",https://vk.com/wall-23482909_4089803,vk
2025-08-07 17:06:13,"Официальное вступление в должность нового президента Польши Кароля Навроцкого, представляющего правоконсервативный лагерь, началось с заочной перепалки с либеральным премьер-министром Дональдом Туском","Официальное вступление в должность нового президента Польши Кароля Навроцкого, представляющего правоконсервативный лагерь, началось с заочной перепалки с либеральным премьер-министром Дональдом Туском. Первый раскритиковал методы управления страной, пообещав в числе прочего заблокировать вступление Польши в еврозону, а второй назвал приход к власти нового президента печальным событием. Такая риторика с обеих сторон задает тон на дальнейшее обострение противостояния между двумя главными политическими силами Польши, которое парализует развитие страны уже не первый год. Подробнее: kommersant.ru/doc/7943556?vk",https://vk.com/wall-23482909_4093111,vk
2025-08-20 22:19:03,Крупный маркетплейс Ozon столкнулся с логистическим сбоем. На ключевых рынках присутствия — в Москве и Санкт-Петербурге — платформе не удается доставить в срок почти треть заказов. Если все они будут,"Крупный маркетплейс Ozon столкнулся с логистическим сбоем. На ключевых рынках присутствия — в Москве и Санкт-Петербурге — платформе не удается доставить в срок почти треть заказов. Если все они будут отменены, площадка потеряет до 4 млрд руб. Проблема может быть связана с новой моделью привлечения персонала, общей нехваткой специалистов, большим числом возвратов и периодом пикового спроса.",https://vk.com/wall-23482909_4110241,vk
2025-08-21 02:30:22,"Ozon столкнулся с логистическим сбоем в сортировочных центрах в Москве и Санкт-Петербурге, следует из сообщения компании. Это привело к задержкам с доставкой в этих городах 30% заказов.","Ozon столкнулся с логистическим сбоем в сортировочных центрах в Москве и Санкт-Петербурге, следует из сообщения компании. Это привело к задержкам с доставкой в этих городах 30% заказов.",https://vk.com/wall-23482909_4110363,vk
2025-09-01 09:06:01,"Маркетплейс Ozon запустит раздел по продаже вещей, ушедших из России люксовых брендов, их реализацией из-за рубежа будут заниматься мультибрендовые платформы. Но компании придется столкнуться с высок","Маркетплейс Ozon запустит раздел по продаже вещей, ушедших из России люксовых брендов, их реализацией из-за рубежа будут заниматься мультибрендовые платформы. Но компании придется столкнуться с высокой конкуренцией в сегменте и вкладываться в позиционирование площадки. Сейчас доля контрафакта на fashion-рынке достигает 80%.",https://vk.com/wall-23482909_4125628,vk
2025-09-01 19:51:35,"Ритейлер Ozon начал процесс регистрации юридического лица в России после утверждения акционерами необходимых изменений на внеочередном собрании 1 сентября. Компания сообщила, что была выбрана новая","Ритейлер Ozon начал процесс регистрации юридического лица в России после утверждения акционерами необходимых изменений на внеочередном собрании 1 сентября. Компания сообщила, что была выбрана новая организационно-правовая форма, уставный капитал деноминирован в рублях, утвержден новый устав и предоставлены полномочия совету директоров для завершения процесса перерегистрации.",https://vk.com/wall-23482909_4126374,vk
2025-09-01 22:07:09,"▪ В китайском Тяньцзине прошел саммит стран-участниц ШОС. С заявлениями выступили лидеры крупнейших государств организации — России, Китая и Индии. Президент РФ провел встречи с Нарендрой Моди, Си Цзи","▪ В китайском Тяньцзине прошел саммит стран-участниц ШОС. С заявлениями выступили лидеры крупнейших государств организации — России, Китая и Индии. Президент РФ провел встречи с Нарендрой Моди, Си Цзиньпином, Реджепом Тайипом Эрдоганом, Николом Пашиняном и другими лидерами. Подробнее: kommersant.ru/doc/8006634?vk ▪ Президент России принял участие во встрече в формате «ШОС плюс». Владимир Путин и Си Цзиньпин озвучили идею глобального управления мировым порядком. Подробнее: kommersant.ru/doc/8006897?vk ▪ Тема украинского кризиса обсуждалась в кулуарах саммита ШОС в китайском Тяньцзине, сообщил помощник президента РФ Юрий Ушаков. Другие заявления господина Ушакова — в подборке «Ъ». Подробнее: kommersant.ru/doc/8007003?vk ▪ Как стало известно «Ъ», в Москве по обвинению в коммерческом подкупе арестованы руководитель аппарата ассоциации «Национальное объединение строителей» Сергей Кононыхин и его заместитель юрист Виталий Еремин. Подробнее: kommersant.ru/doc/8007072?vk ▪ Ozon начал процесс регистрации юрлица в России после утверждения акционерами необходимых изменений на внеочередном собрании 1 сентября. Подробнее: kommersant.ru/doc/8007092?vk ▪ Нацполиция Украины опубликовала фото мужчины, задержанного по подозрению в убийстве бывшего спикера Верховной рады Андрея Парубия. В нацполиции заявили, что в преступлении «есть российский след». Подробнее: kommersant.ru/doc/8006399?vk ▪ В Афганистане произошло землетрясение, в результате которого погибли более 800 человек. МИД России сообщил, что Москва прорабатывает вопрос об отправке срочной гуманитарной помощи. Подробнее: kommersant.ru/doc/8007128?vk #главноеквечеру",https://vk.com/wall-23482909_4126512,vk
2025-09-05 18:45:25,"Минцифры России опубликовало перечень интернет-ресурсов, которые сохранят доступность в случае ограничений работы мобильного интернета. Список опубликован в Telegram-канале ведомства. В перечень во","Минцифры России опубликовало перечень интернет-ресурсов, которые сохранят доступность в случае ограничений работы мобильного интернета. Список опубликован в Telegram-канале ведомства. В перечень вошли: 🔹сервисы «ВКонтакте», «Одноклассники», Mail.ru; 🔹национальный мессенджер Max; 🔹сервисы Яндекса; 🔹 Ozon и Wildberries; 🔹Avito; 🔹Дзен; 🔹Rutube; 🔹официальный сайт платежной системы Мир; 🔹сайты Правительства и Администрации Президента России; 🔹федеральная платформа дистанционного электронного голосования (ДЭГ); 🔹операторы связи Билайн, МегаФон, МТС, Ростелеком, T2. В ведомстве заявили, что список еще будет пополняться.",https://vk.com/wall-23482909_4132072,vk
2025-09-19 10:21:22,"Маркетплейсы продолжают менять условия работы со своими партнерами. Так, этой осенью на двух крупнейших в России онлайн-платформах — Ozon и Wildberries — почти на половину вырастут логистические тариф","Маркетплейсы продолжают менять условия работы со своими партнерами. Так, этой осенью на двух крупнейших в России онлайн-платформах — Ozon и Wildberries — почти на половину вырастут логистические тарифы для перевозки крупногабаритных товаров. Это может быть связано с ростом стоимости услуг перевозки и активным строительством складов, которое требует крупных инвестиций от интернет-площадок. Подробнее: kommersant.ru/doc/8043375?vk",https://vk.com/wall-23482909_4144817,vk
2025-11-12 02:50:03,"На старте торгов вернувшимися на биржу бумагами «Озона» котировки акций упали на 8%, но по итогам торгов почти вернулись к уровням двухмесячной давности. За это время индекс Московской биржи потерял","На старте торгов вернувшимися на биржу бумагами «Озона» котировки акций упали на 8%, но по итогам торгов почти вернулись к уровням двухмесячной давности. За это время индекс Московской биржи потерял почти 8%, так что движение цен бумаг «Озона» эксперты называют ожидаемым. Кроме того, компания своевременно поддержала котировки хорошими корпоративными новостями. Подробнее: kommersant.ru/doc/8194679?vk",https://vk.com/wall-23482909_4195914,vk
2025-11-18 13:12:42,"Ozon отреагировал на слова главы Центробанка (ЦБ) Эльвиры Набиуллиной, выступившей против изменения цен на товары на маркетплейсах в зависимости от способа оплаты. В Ozon пояснили «Ъ», что скидки пр","Ozon отреагировал на слова главы Центробанка (ЦБ) Эльвиры Набиуллиной, выступившей против изменения цен на товары на маркетплейсах в зависимости от способа оплаты. В Ozon пояснили «Ъ», что скидки при оплате товаров определенной банковской картой предоставляют в рамках программы лояльности, в которую инвестирует банк. По версии Ozon, скидки «выполняют важную социальную функцию» — благодаря им покупателям доступны «более выгодные цены», в том числе «в малых городах и селах, где у населения невысокие доходы». К программе лояльности на коммерческих условиях может присоединиться любой банк и предлагать скидки клиентам маркетплейса за оплату его картой, уточнили в Ozon.",https://vk.com/wall-23482909_4201517,vk
2025-11-24 20:45:33,Громкий спор крупных банков из-за субсидирования маркетплейсами масштабных промоакций и первые попытки ужесточить правила работы для онлайн-платформ вылились в продажи акций Ozon. По итогам торгов 24,"Громкий спор крупных банков из-за субсидирования маркетплейсами масштабных промоакций и первые попытки ужесточить правила работы для онлайн-платформ вылились в продажи акций Ozon. По итогам торгов 24 ноября стоимость бумаг компании снизилась на 4,23%, до 3700 руб. за акцию. Масштаб проблемы, впрочем, может быть преувеличен, успокаивают инвесторов инвестаналитики. По их мнению, в ближайшее время акции компании вернутся к прежним значениям. Подробнее: kommersant.ru/doc/8229548?vk",https://vk.com/wall-23482909_4208603,vk
2025-12-03 18:07:27,"Российские потребители все меньше боятся покупать дорогие товары через маркетплейсы. Так, на Ozon в январе — сентябре 2025 года было продано автомобилей на 4 млрд руб., что почти в четыре раза больш","Российские потребители все меньше боятся покупать дорогие товары через маркетплейсы. Так, на Ozon в январе — сентябре 2025 года было продано автомобилей на 4 млрд руб., что почти в четыре раза больше год к году, а сумки стоимостью дороже 60 тыс. руб. заказывали вдвое чаще. Такая ситуация складывается в том числе из-за промоакций маркетплейсов, которые размывают у покупателя представления о регулярных ценах товаров. #Ъузнал",https://vk.com/wall-23482909_4218382,vk
2025-12-05 14:24:43,"Минцифры обновило «белый список» сервисов, которые будут работать при отключениях мобильного интернета. В него добавлены 12 ресурсов, в том числе ТАСС, «Известия», онлайн-кинотеатр «Окко», операторы «","Минцифры обновило «белый список» сервисов, которые будут работать при отключениях мобильного интернета. В него добавлены 12 ресурсов, в том числе ТАСС, «Известия», онлайн-кинотеатр «Окко», операторы «Сбермобайл», «Т-Мобайл» и «Эр-Телеком». Также в список попали: 🔹сайт Центробанка; 🔹сервис покупки и продажи недвижимости «Домклик»; 🔹сайт платформы «Россия — страна возможностей»; 🔹информационная система «Молодежь России»; 🔹сайт всероссийского студенческого проекта «Твой ход»; 🔹охранная система «Цезарь Сателлит». В перечень уже входят «ВКонтакте», мессенджер Max, маркетплейсы Ozon и Wildberries, «Госуслуги», сервисы «Яндекса», «Авито», сайты «РИА Новости», «Комсомольской правды», РБК, «Газета. ru», Lenta. ru, сайты органов власти, РЖД, «Почты России» и другие.",https://vk.com/wall-23482909_4220220,vk
2025-12-09 20:44:24,"Маркетплейс Ozon введет возрастные ограничения на продажу алкогольных конфет. Продукцию можно будет приобрести только с 18 лет. «По закону конфеты с алкоголем не являются алкогольной продукцией, а","Маркетплейс Ozon введет возрастные ограничения на продажу алкогольных конфет. Продукцию можно будет приобрести только с 18 лет. «По закону конфеты с алкоголем не являются алкогольной продукцией, а значит их дистанционная продажа разрешена. Тем не менее безопасность детей — наш приоритет»,— сообщили в пресс-службе компании, передает ТАСС. Ozon намерен провести дополнительную проверку, чтобы не допустить продажу алкогольных конфет несовершеннолетним.",https://vk.com/wall-23482909_4224560,vk
2025-12-11 19:40:46,"Премьер-министр Болгарии Росен Желязков, вступивший в должность менее года назад, объявил 11 декабря об отставке правительства. Решение принято после многотысячных протестов по всей стране, вызванны","Премьер-министр Болгарии Росен Желязков, вступивший в должность менее года назад, объявил 11 декабря об отставке правительства. Решение принято после многотысячных протестов по всей стране, вызванных неудовлетворительной экономической политикой властей и неспособностью кабинета министров справиться с коррупцией. В преддверии вступления в еврозону страна может столкнуться уже c восьмыми за последние пять лет внеочередными парламентскими выборами. Подробнее: kommersant.ru/doc/8273091?vk",https://vk.com/wall-23482909_4227065,vk
2025-12-19 12:41:22,"Рост российского ВВП в 2025 году составит 1%, заявил Владимир Путин на «Итогах года». Он добавил, что «за трехлетку» рост ВВП составил 9,7%. В Еврозоне в тот же период показатель достигал только 3,1%,","Рост российского ВВП в 2025 году составит 1%, заявил Владимир Путин на «Итогах года». Он добавил, что «за трехлетку» рост ВВП составил 9,7%. В Еврозоне в тот же период показатель достигал только 3,1%, подчеркнул президент. Снижение темпов роста ВВП он назвал результатом осознанных действий правительства в борьбе с инфляцией.",https://vk.com/wall-23482909_4237215,vk
2025-12-19 12:53:41,"Президент России Владимир Путин прокомментировал попытки ЕС конфисковать российские замороженные активы. Экспроприация активов РФ подорвала бы доверие к еврозоне других стран, в первую очередь — нефт","Президент России Владимир Путин прокомментировал попытки ЕС конфисковать российские замороженные активы. Экспроприация активов РФ подорвала бы доверие к еврозоне других стран, в первую очередь — нефтедобывающих, подчеркнул президент. Он также отметил, что выдача кредита Украине под активы России приведет к росту обязательств стран ЕС, а они и так уже сталкиваются с бюджетными проблемами.",https://vk.com/wall-23482909_4237238,vk
2025-12-19 13:07:06,19 декабря проходит совмещенная прямая линия и пресс-конференция с Владимиром Путиным. Президент России традиционно отвечает на вопросы журналистов и подводит итоги уходящего 2025 года. Пресс-конфер,"19 декабря проходит совмещенная прямая линия и пресс-конференция с Владимиром Путиным. Президент России традиционно отвечает на вопросы журналистов и подводит итоги уходящего 2025 года. Пресс-конференция началась с вопросов главе государства о ситуации с мирным урегулированием на Украине и линии боевого соприкосновения. Спросили господина Путина и об экономических показателях. О чем спрашивают Владимира Путина и как он отвечает — в подборке «Ъ». Перспектива мира на Украине: 🔹Пока мы не видим готовности Украины к миру и территориальным уступкам. 🔹Россия все-таки знает об определенных сигналах, в том числе со стороны Киева, о готовности вести диалог. 🔹ВСУ понесли существенные потери в стратегических резервах. Это должно побудить власти Украины закончить конфликт мирными способами. Продвижение ВС РФ: 🔹Стратегическая инициатива полностью перешла в руки ВС РФ после вытеснения ВСУ из Курской области. По всем направлениям противник отходит. 🔹Красный Лиман будет взят в самое ближайшее время, 50% города под контролем России. 🔹Из освобожденного Северска открывается путь на Славянск. У меня нет сомнения, что ВС РФ «доберут» и Константиновку. 🔹Город Димитров полностью окружен. Бои идут в городе Гуляйполе, 50% города под контролем ВС РФ. 🔹Создаются зоны безопасности, на Сумском направлении, в Харьковской области. 🔹Перед ВС РФ стоит задача ликвидировать группировку ВСУ на левом берегу Оскола и забрать Купянск-Узловая. 🔹Под Купянском в окружении 3,5 тыс. военных ВСУ, шансов у них практически нет. Фото Зеленского возле стелы «Купянск»: 🔹Не слежу за выступлениями украинского президента якобы с передовой. Зеленский — талантливый артист, это без всякой иронии. 🔹Стела находится на расстоянии в 1 км от Купянска. Чего стоять на пороге, заходи уж в дом тогда. Состояние экономики РФ: 🔹Рост ВВП составляет 1%, но если взять за трехлетку, то общий рост — 9,7%, а в еврозоне рост 3,1%. 🔹Рост в 1% — осознанные действия со стороны правительства и ЦБ, связаны с таргетированием инфляции. В целом эту задачу удается решать. 🔹Инфляция к концу года может опуститься до 5,7-5,8%. 🔹Дефицит бюджета должен в трехлетку составить не более 1,5%. 🔹Удалось сбалансировать бюджет, качество этой балансировки находится на уровне 2021 года — это показатель устойчивости экономики. 🔹Уровень безработицы, который и так был рекордным, стал еще ниже — 2,2%. 🔹Сохраняются хорошие темпы повышения реальных зарплат, за год они выросли на 4,5%. 🔹Рост производительности труда в России скромный — всего 1%, эту ситуацию нужно исправлять. 🔹Международные резервы ЦБ растут, они составили $741,5 млрд. Саммит ЕС об изъятии российских активов: 🔹Кража — это тайное похищение имущества, а это открыто, это грабеж. 🔹Последствия могут быть тяжелые для грабителей. Одна из идей — выдать репарационный кредит Украине, но это последствия для бюджета каждой страны, это увеличивать бюджетный долг. 🔹Есть и более тяжелые последствия. Это не просто удар по имиджу, это подрыв доверия к еврозоне. Хранящие там свои золотовалютные резервы страны посмотрят на то, как ЕС грабит Россию, и подумают: «А вдруг и с нами так поступят?» Стоит только начать, а потом это уже можно тиражировать под разным предлогом. 🔹Чего бы они ни украли, когда-то придется отдавать. 🔹Мы постараемся найти юрисдикцию, не зависящую от политического влияния.",https://vk.com/wall-23482909_4237264,vk
2025-12-19 18:32:19,19 декабря в Гостином дворе президент России Владимир Путин подвел итоги года. Мероприятие прошло в формате совмещенной прямой линии с пресс-конференцией. Президенту прислали более 3 млн вопросов. З,"19 декабря в Гостином дворе президент России Владимир Путин подвел итоги года. Мероприятие прошло в формате совмещенной прямой линии с пресс-конференцией. Президенту прислали более 3 млн вопросов. За 4 часа 27 минут господин Путин ответил на 103 вопроса, среди которых — ситуация на фронте, мирный план по Украине, повышение НДС, отношения с Западом, жилищные вопросы, демографическая политика, цифровой суверенитет и др. Главные темы и ответы Владимира Путина — в подборке «Ъ». СВО, Украина, переговоры: 🔹 Стратегическая инициатива полностью перешла в руки ВС РФ. По всем направлениям противник отходит. 🔹 Россия готова отказаться от ударов вглубь территории Украины на время выборов. Запад и активы РФ: 🔹 Изъятие российских активов — это не кража, а грабеж с тяжелыми последствиями для грабителей. Это не просто удар по имиджу, а подрыв доверия к еврозоне. 🔹 Не будет никаких новых СВО, если Запад будет относиться к России с уважением и соблюдать ее интересы. 🔹 Попытка блокады Калининградской области выведет конфликт на невиданный уровень вплоть до крупномасштабного военного конфликта. Санкции против сербской NIS: 🔹 Россия исходит из того, что руководство Сербии исполнит взятые на себя обязательства в рамках межправсоглашения. Экономика: 🔹 Рост в 1% — осознанные действия со стороны правительства и ЦБ, связаны с таргетированием инфляции. Деятельность ЦБ: 🔹 Реакция реального сектора на снижение ставки на 0,5 п.п. предсказуема, но посмотрим на результат. Налоги: 🔹 Повышение НДС не будет вечным. Конечная цель — снижение налогового бремени в будущем. Ипотека: 🔹 Прошу правительство не продлевать мораторий на штрафы для застройщиков за задержку ввода новостроек. Автопром: 🔹 Надеюсь, что повышение утильсбора не будет вечным. Авиастроение: 🔹 Рост цен на авиаперевозки в России отчасти связан с нехваткой авиапарка. Демография: 🔹 Продление пособий по уходу за ребенком до 3-х лет — вопрос только бюджетных ограничений. Кабмину предстоит подумать над этим. 🔹 С 1 января 2026 года будут введены меры поддержки семей с детьми. Из 13% уплаченных налогов 7% будут возвращаться в семью. Образование: 🔹 В будущем возможна отмена обязательной отработки для выпускников медвузов. Телефонное мошенничество: 🔹 Кто бы с вами и каким голосом ни говорил, но как только начали говорить о деньгах — сразу кладите трубку. Госрегулирование цен: 🔹 Госрегулирование рыночных цен на продукты опасно. Как только начнем регулировать, как только ставим определенную планку, сразу пропадает товар. Лекарства: 🔹 Льготные лекарства должны оставаться по фиксированным ценам даже в частных аптеках. Цифровой суверенитет: 🔹 Россия с появлением своего мессенджера MAX добилась полного цифрового суверенитета. Есть три страны, которые им обладают: США, Китай и Россия. 🔹 Запрещать зарубежные чат-боты в России не будут, однако такие компании должны соблюдать российские законы. Последние новости и все самое важное об «Итогах года» с президентом России — в теме «Ъ»: kommersant.ru/theme/232?vk",https://vk.com/wall-23482909_4238122,vk
2025-12-26 17:27:26,Как ДоброFON и фонд «Память поколений» помогали ветеранам в течение года В 2025 году программа ДоброFON компании FONBET совместно с фондом «Память поколений» запустили всероссийский проект «Город,"Как ДоброFON и фонд «Память поколений» помогали ветеранам в течение года В 2025 году программа ДоброFON компании FONBET совместно с фондом «Память поколений» запустили всероссийский проект «Города Героев». В его рамках в городах воинской славы и трудовой доблести интернаты, дома милосердия и другие социальные учреждения получили новое оборудование, были также обновлены объекты городской инфраструктуры. Общая сумма помощи составила более 30 млн руб. В двенадцати городах была оказана помощь специализированным соцучреждениям. Например, в Орском доме милосердия «Надежда» и Астраханском доме-интернате для престарелых и инвалидов появились соляные комнаты, в Саратовском доме-интернате для престарелых и инвалидов — многофункциональный физиотерапевтический аппарат и воздушно-озоновая ванна. Для некоторых учреждений новое оборудование стало единственным во всем регионе. Кроме того, во время визита в каждый из городов организаторы проекта также посетили ветеранов Великой Отечественной войны (https://www.kommersant.ru/doc/8327990). #Новостикомпаний",https://vk.com/wall-23482909_4249437,vk
